caseid,n_gc_windows,NCCI_window_mean,NCCI_window_std,n_events_strict
1,364,0.15350305130869168,0.1050840784454483,16
4,679,0.31729901499898716,0.13264790660618195,43
5,697,0.21224589003697802,0.09368058613163191,40
10,679,0.7830338376404677,0.08830498958580357,88
12,1020,0.3192705927863033,0.13883867831892463,77
16,408,0.25826203849556256,0.13235775366540442,34
17,658,0.31157809949239373,0.1594254517690348,30
19,899,0.2581343786542139,0.11713446876249019,36
22,459,0.29682226149146124,0.18948859272173066,1
25,474,0.22263916184714536,0.13695630795910504,32
27,575,0.33712660193385063,0.136026033210905,28
29,693,0.2786140258485425,0.1439230932796328,24
34,772,0.28492178848004646,0.12310308409428637,53
41,374,0.4591148701356229,0.13883222609331847,1
43,472,0.2268185573163774,0.11172414866546398,24
50,512,0.3760911836078816,0.1988059481617897,16
52,499,0.6197167078637369,0.18861450253056392,9
53,431,0.2636839317293743,0.12111618712404436,39
55,704,0.29403829481416294,0.14324161982953318,86
58,470,0.3722899206867667,0.18000251063621875,38
60,456,0.6868461598189994,0.15385608083806893,26
61,289,0.4299808662756542,0.19398424326762875,44
64,460,0.2639842867396055,0.14221278003330215,66
65,408,0.4759527203210968,0.14679679596625805,47
66,288,0.34891385089614374,0.13757221273907522,29
70,451,0.4294033311324995,0.16873806774943853,29
79,652,0.2580940306790241,0.11171914735696489,61
83,626,0.17147389125041856,0.062483532463187406,101
84,570,0.2498584874564744,0.11435167735356158,16
87,354,0.2669259349219315,0.12712369588261643,23
89,640,0.3088515539563935,0.14545743044231652,61
94,943,0.3358221045012634,0.15210090770236656,30
96,1245,0.2617410454972359,0.09615380308462033,97
97,495,0.32883530850848663,0.134863686811716,103
98,221,0.34388576138118865,0.18603279350432125,60
101,419,0.5904783884265288,0.16079665923175648,42
105,586,0.3606353742241193,0.13532293864740197,49
108,298,0.27679910727330637,0.13398298523933402,15
110,235,0.6111360117698287,0.17142584614598816,20
111,555,0.20468629805619712,0.114392578506365,29
112,337,0.36360100789080213,0.1663272389267636,12
114,526,0.37871222157339507,0.16891660650866425,22
116,405,0.3408873706681889,0.1726571422992204,12
117,361,0.4880684317864981,0.17798876520204507,45
118,974,0.21382553278983493,0.0855274365983518,98
119,505,0.25763232420315124,0.1396559578604947,17
124,289,0.5097670845426163,0.22697414739792054,14
125,644,0.3607860682315054,0.13904571721912096,30
135,385,0.36788164113303956,0.13338211844683803,39
137,221,0.4499163322527283,0.1746255372574231,17
138,368,0.34925568974609306,0.1522634410011992,14
140,662,0.44825523958743774,0.1713671744869453,45
142,528,0.37450261055761924,0.1505311878473857,11
143,381,0.39071389832169134,0.17538835783520446,16
146,528,0.26009566666347517,0.14416764231065124,88
148,408,0.358392898940619,0.1609591293635185,28
156,889,0.35168998263428797,0.11979905478801332,76
158,834,0.2972331034022962,0.14500426338453737,52
161,581,0.46117016543273975,0.1435101059888924,48
166,633,0.22473233855917849,0.09521569041210383,53
175,377,0.38720581228634876,0.18018748388044736,23
177,711,0.46915462059656476,0.1621717495621482,61
178,423,0.4408379663748366,0.19392832392436066,41
181,445,0.22252151113273236,0.13037417658879205,26
184,1134,0.12172157408014372,0.04957696009484897,85
190,511,0.20870426751793972,0.10041003436979312,28
191,310,0.17979602619621787,0.10117421359803724,35
195,669,0.3541790291088261,0.11789690324698389,42
198,480,0.3940134985535886,0.16614821472597538,19
202,1011,0.20443699408732435,0.11063999660843232,49
203,203,0.31620492814294593,0.2065988573719218,57
206,311,0.44436623890580973,0.1757784580992719,25
208,283,0.41429059701324833,0.19041171503078014,13
210,561,0.2217456218624543,0.07464162310792966,15
222,261,0.5600303518984914,0.19375208910078012,4
229,571,0.44484490378597297,0.18417191310140482,19
232,448,0.45221360896630297,0.17327392071027245,28
233,467,0.5023022789642841,0.1859987383053455,47
234,497,0.28924504445648697,0.1547086326366242,13
236,678,0.2603015494732758,0.120309390050215,31
237,728,0.3611774273375453,0.1622520490282756,41
239,416,0.25007610403141123,0.16522395696669034,34
244,387,0.35294616345192364,0.1644478518772062,29
250,378,0.25121499907721956,0.13636025796039788,28
251,831,0.3028993711033316,0.13161774583212973,101
252,623,0.20533423538233253,0.09450929563242723,25
256,458,0.28543362649178183,0.1511439884458832,73
261,278,0.4027481332216942,0.18563159632980125,13
263,301,0.14900004171259457,0.10012948640232873,25
266,576,0.24105016139035923,0.12367954989948562,35
268,175,0.46531952632082874,0.2166617570579128,4
269,349,0.7999504889131965,0.10703541469244228,18
279,236,0.27439707659733586,0.1591927202156453,31
283,459,0.4297236948681008,0.16888001181004267,53
284,551,0.6783944823414029,0.17621609207734953,39
286,413,0.49691772642407983,0.19115779357673696,21
287,298,0.4124947856382512,0.18936000039262663,42
295,395,0.4086778735713061,0.1486690231642989,26
300,312,0.28911013402878394,0.17306186598062778,50
303,567,0.334675679086919,0.14912456264785554,38
304,447,0.39590575873595324,0.18973442275999838,10
306,667,0.4562298997879008,0.173434100973364,43
308,629,0.3321349733726408,0.13230846782404965,54
309,341,0.39509586213211073,0.16800196663176295,44
312,474,0.497908874830094,0.19247412614688386,23
321,445,0.44783495230350967,0.17301220582240762,41
323,331,0.39033782331205374,0.16439319798410035,28
327,709,0.33205115272848434,0.1402867714875262,173
330,291,0.6172312715243611,0.2029255243359742,19
337,261,0.6683449658316949,0.14112169534714497,26
343,367,0.3910206964528627,0.18824868261800923,8
345,698,0.3918728856246294,0.15239648962472996,45
348,399,0.515368088933626,0.17614386606956559,30
349,792,0.2891861731300128,0.11479105010518574,73
355,317,0.6465158662493886,0.18077467707294223,34
357,189,0.44085681468879695,0.21977667919030403,18
362,605,0.42838908780001245,0.1566275779764945,56
363,560,0.43174488543088096,0.15966034411458588,57
367,484,0.45143758638362874,0.15712489643579822,40
369,504,0.24054303678842906,0.1318527586356092,24
370,185,0.292214665553667,0.13680741951929692,52
375,749,0.2854091419233771,0.13494790893988517,167
382,594,0.22784343695030787,0.10668352437570146,27
383,294,0.21526045578039826,0.11316208957191953,45
384,309,0.6586608987103995,0.1974056187220882,7
387,256,0.47085484932217303,0.181853065108691,32
388,442,0.30083966619540786,0.1452363575266581,29
390,735,0.2450849672359226,0.130555620858484,35
397,786,0.21464507432824612,0.12673663355816292,122
398,355,0.14092038272244425,0.08854156170331857,12
404,255,0.4984676916839834,0.1622457459224528,20
406,634,0.18490323924186705,0.11464364994723639,46
409,418,0.2483117380817167,0.14400255377866109,76
415,259,0.2688517906748511,0.13329649218920334,41
417,611,0.21809855741864673,0.11912883881400275,39
418,624,0.22061932887947389,0.09504107309996006,71
427,319,0.4044655196540035,0.16501784107371523,7
431,535,0.2337866957531588,0.11247370265101611,23
439,321,0.3531963554881689,0.15375175850528425,40
441,396,0.3035742701509353,0.14224363731833486,48
442,280,0.39118520956219394,0.16955978064928914,14
445,623,0.2598814995436124,0.13466402209858372,49
448,477,0.3959925151434099,0.17300193086871976,23
449,323,0.24031346348379934,0.09154054606030136,17
451,543,0.4329094919590647,0.16600303076921086,55
452,398,0.25046157996912904,0.12099332829621003,31
462,402,0.2968218658167704,0.13135239096070025,26
466,435,0.3045548098254449,0.1494906286859587,6
469,603,0.2004501600575202,0.10868584855382846,73
472,825,0.2398458249516056,0.10713297648450142,26
476,541,0.16726165680720012,0.08015913094359416,65
486,627,0.2995738485297344,0.16050566031921557,31
490,737,0.37319223924824746,0.18452197957830543,16
492,852,0.4010275223543979,0.14243593273811347,36
499,682,0.13126759772746813,0.07825364312927482,76
505,435,0.40813356923942606,0.1863290035014546,10
512,570,0.42808479902150576,0.14149120038193755,8
516,432,0.2698409279975426,0.13190100753905876,21
519,514,0.38823096054116113,0.1353211972220043,2
520,571,0.35426783675545714,0.13850247552163306,22
521,331,0.49592532206221285,0.20561601741544544,16
526,713,0.4066475295496094,0.18122277716289958,52
530,410,0.3364001232204372,0.15563398803524642,39
535,246,0.39460724833932437,0.20503847008067597,13
536,248,0.5050446920608441,0.1688286409048788,16
541,236,0.45236777579018084,0.22128538211814194,14
543,299,0.28267234602003444,0.14614608123207387,29
544,335,0.31812037895202294,0.14385552945961094,21
550,311,0.38788489887715377,0.16483170393216307,21
551,437,0.3522104162419715,0.14291419048587117,33
553,723,0.30836871379512265,0.16025071645124808,83
559,619,0.38650212739517176,0.14902655706475376,60
562,317,0.4616987209076704,0.19431709778482112,46
564,622,0.2910061651221001,0.13110250073508575,29
567,479,0.2536943718209708,0.14588032010779642,16
568,703,0.3315803883648354,0.13697448384667493,27
573,353,0.3628977364019366,0.18447460687680006,17
576,290,0.3493295229133065,0.15297470159012724,55
577,410,0.3749249352611327,0.12878780249803934,43
582,398,0.3762930387053523,0.1700449487075613,21
584,624,0.26961754739689114,0.1362842724503119,40
587,392,0.14562949168166675,0.10150102530281982,19
590,212,0.5953775728726997,0.2297685200960619,9
594,183,0.6252282795208205,0.20982131381194205,14
610,316,0.42866451565401686,0.18169570228284335,15
611,603,0.22228539023659916,0.12859583685155693,29
612,338,0.2659565741758739,0.13833377692965781,20
616,325,0.3750318501193697,0.18952318872169927,22
617,344,0.306297169224359,0.14071513764554847,57
620,542,0.3220911670658549,0.16390338941446464,54
627,381,0.43804120543613523,0.16856891407505423,9
629,982,0.2422249530292707,0.1063322534710379,71
631,616,0.374717011658861,0.14634730636193427,25
644,647,0.46320549789000526,0.15072004029702332,30
649,462,0.22809388995949154,0.12212667344843757,28
650,281,0.24529758056631693,0.12809095793174835,20
652,571,0.2590437692265702,0.14218580156198016,42
655,522,0.37613941415960844,0.172033661318535,42
659,504,0.3238700815945772,0.15641708823495512,29
663,325,0.36968339055759064,0.16768405756577592,18
665,639,0.40975266741753075,0.1831607785928589,41
666,567,0.41996562251484076,0.1477098849562442,51
671,559,0.3057908242101366,0.15680211758794016,19
676,551,0.44230528211882747,0.18252614647899346,39
680,199,0.4091343585212538,0.2138320587122333,38
683,442,0.41201261523746574,0.14488516857375666,13
687,302,0.2609968740050107,0.11485453013257474,30
691,642,0.3873239931627195,0.13781835706985493,33
697,510,0.32570686907045476,0.1308175043442529,58
698,402,0.36974894450818907,0.14062919380470149,27
702,587,0.41109503357018795,0.14684799392625167,48
703,376,0.31148208363122437,0.17851184674823734,18
706,618,0.29775800800825486,0.10583428011707981,23
711,698,0.3474569901555358,0.18037288689302095,33
719,585,0.26105335757782844,0.12529723432081438,53
721,397,0.3544051288458241,0.19973934706114999,39
722,574,0.20760217543941178,0.10387902666013357,33
725,600,0.30729208034653444,0.13563693617928874,28
728,653,0.312042458148443,0.13795267569706923,79
730,402,0.371778126499061,0.1561420759032476,13
733,474,0.57503896032248,0.19508445914866954,84
734,676,0.42946127392772454,0.16493576615199507,58
739,327,0.2787852107599921,0.13151116683862477,41
740,285,0.31023645004169215,0.16122033482272796,19
742,592,0.3046925253504864,0.14741800123390436,83
743,713,0.38734906256369,0.14555991550035388,3
748,604,0.2825989578146404,0.11879963742808419,51
750,1529,0.28341081035606636,0.12147126953498243,119
751,600,0.2346553467129277,0.09092269013880644,44
752,540,0.22287394249406012,0.12430371919993659,56
755,276,0.29391609268652164,0.14635984565992832,26
758,251,0.4444910270087791,0.2011543097676059,46
762,344,0.4336080673249359,0.19102734575445338,45
763,772,0.3045694982131766,0.1296004720053425,43
764,608,0.25737811098964586,0.1072071090649744,39
767,509,0.4035718494279618,0.15738493156181402,33
774,689,0.24590769189923462,0.11665694195136211,67
775,783,0.3950052354095242,0.1696167551973022,70
776,456,0.31273053272522294,0.1791300497563566,42
779,670,0.21177538745427696,0.09957720515143519,25
781,216,0.6358407905133096,0.20489906739258137,19
783,688,0.22508344204511788,0.09875775887572866,75
788,268,0.1859297528835291,0.10433281428166147,35
792,341,0.4079363021228904,0.1885511427201554,37
793,438,0.21919295219125917,0.13360550772499838,32
794,351,0.26447896605054994,0.1149326953783113,15
795,494,0.28911796117929406,0.13975082566064354,13
797,217,0.3561498513207854,0.16452884014397057,38
800,414,0.42408459588384373,0.19918720599166076,35
802,539,0.3954553015955945,0.1698690908565655,29
807,464,0.2247573619608044,0.11439172705401734,27
808,523,0.5211116166779322,0.16503744709656942,20
813,466,0.357988934893041,0.1473348417378346,1
814,682,0.23111605223929424,0.10512375395070894,42
815,604,0.26082634724492704,0.13500862857556875,47
818,1169,0.3501730174376056,0.12835234719994354,69
819,406,0.32830572883204634,0.179874452035781,24
822,658,0.30100350946600885,0.12932316013258224,31
830,386,0.316931393997941,0.16233770051840082,24
831,378,0.44212241717722783,0.17096037162823874,15
833,456,0.3527531424747933,0.15091185436785165,19
843,713,0.6551458974931771,0.15186688230059336,24
844,853,0.33958771278830624,0.13847842319035406,33
846,410,0.23127970020842428,0.113332696174576,57
847,668,0.4358353967978255,0.18763704442368995,14
851,634,0.3547985907262636,0.13102470832527743,35
852,257,0.33888011226612835,0.17427377740973599,33
853,365,0.6025786123705777,0.13238110765487263,16
859,629,0.3815555304353895,0.16431452505910496,28
864,205,0.43183876078633776,0.1884722495447197,39
865,433,0.26236019565803365,0.13032709145415894,67
866,367,0.40527243184105954,0.18213132060559006,17
869,837,0.4477436600260502,0.1598360644980153,41
870,640,0.2816322603803364,0.13815749500675112,54
871,498,0.1749127732231745,0.09188005696252408,37
872,616,0.28011444469746466,0.15699673071581355,51
876,394,0.11695068359629104,0.0876028877633031,35
879,200,0.2966747523964809,0.1716744611981037,15
880,248,0.38313387389856474,0.18283840870003668,40
883,603,0.28870189929917267,0.11578513970976818,43
885,660,0.4192497439362126,0.1595643668371392,18
886,846,0.185782018666429,0.0752336649064889,9
887,230,0.48250623860719377,0.23363714072124633,7
890,375,0.37902938179579443,0.17293706583625731,28
892,230,0.5255408011655763,0.19381569486128955,26
898,314,0.4180162959750606,0.20612315268778872,41
907,448,0.2642653402914156,0.14033395157488832,31
913,224,0.3916259483249707,0.20189852893834517,9
916,411,0.6003663760406556,0.13687459583924316,22
917,512,0.3630852561766103,0.14748961296957333,74
919,264,0.19847996907533624,0.11773952593865426,19
920,541,0.23652840835875066,0.11427331898927333,0
931,196,0.4218870136330167,0.2048092259733591,8
936,517,0.3395322257690234,0.13429525810086268,53
937,564,0.34120199204146157,0.18338316293712031,27
939,310,0.46827993256133643,0.18447110484791648,24
944,631,0.5350373694950225,0.19972528368221465,49
945,660,0.10550759567281599,0.05443161399303037,95
947,567,0.3092718367377434,0.12780443910331246,5
948,547,0.23629340504834076,0.12508823406302563,18
954,262,0.3510122600859607,0.19864462221119591,33
957,515,0.26115266096316836,0.1277952761916819,48
958,371,0.29715541668165696,0.1361420458943227,55
963,739,0.20704493022663684,0.0984962673353372,25
969,423,0.5005274264543385,0.1995540995057667,23
971,506,0.43726533426621983,0.18089835315343486,70
976,474,0.33899176444833395,0.11955332982649586,33
979,296,0.4260395107244841,0.19328357062833998,49
984,207,0.31452594252821,0.15066946740878848,37
985,734,0.197755797554776,0.09546919315052745,91
986,454,0.26902793286366555,0.14327427392316117,29
988,477,0.6420920815151663,0.1332651473749743,18
991,324,0.5542678618758896,0.22132504790946297,17
992,644,0.35413827836071043,0.16823148431976032,51
994,199,0.2878511562737507,0.16704151205086984,41
1001,291,0.4041777308965222,0.17327847411976494,14
1003,210,0.29091885166595133,0.13640865678868058,33
1005,488,0.3637220340623194,0.1737669431789123,23
1006,331,0.48383674189598763,0.1754513654107009,2
1012,361,0.4701830994968562,0.19116936059339504,20
1013,668,0.33677165230283534,0.15716881889149933,24
1017,285,0.32422868083625445,0.15776006129454828,36
1018,837,0.39169476484255306,0.14894181974309978,207
1020,396,0.37248822394374237,0.1466690097338267,25
1022,559,0.2979802952460078,0.1405298752698622,32
1024,468,0.4116669535428292,0.20037989857113098,22
1025,668,0.39719465486412386,0.15673776589031607,28
1026,699,0.26704542401808634,0.1248684617727469,22
1027,527,0.26282791150412227,0.10416032627328843,12
1029,652,0.40158475544589206,0.14486479747397113,26
1030,339,0.31567260443119693,0.14477318116136795,26
1032,242,0.2414314987153838,0.16756667734578784,11
1033,284,0.40080524836065573,0.17306972956001287,47
1034,222,0.2561589099646158,0.15526807168592202,20
1037,870,0.5060114995511331,0.17741049680203572,59
1038,345,0.4444629321495118,0.1742838028857004,18
1039,397,0.1861990291095528,0.12487167058269237,31
1040,335,0.49160622148516736,0.1864888154508629,47
1043,213,0.23639877484999802,0.1827260283943069,3
1044,439,0.37303774043449367,0.1331972915609461,22
1046,397,0.3545511725069838,0.18322074393738474,61
1047,485,0.3770129336534878,0.16252017676287456,25
1049,310,0.42182686351750737,0.16935608964255158,13
1050,193,0.36568443851565247,0.17848905799240697,19
1051,355,0.4226866074684655,0.16713989804064244,13
1055,200,0.3228896640228486,0.1868845941788864,25
1056,439,0.3416433262876667,0.1829897812995538,50
1061,498,0.25692462509025976,0.11871489417648125,18
1063,491,0.37001573097356427,0.1453225697743647,54
1065,371,0.26392916076556616,0.11532745409070064,79
1069,849,0.35612534273087365,0.1531025284475685,69
1076,672,0.7677219699148367,0.12705706819659468,27
1078,350,0.3945580767821674,0.16974311190341318,51
1081,810,0.29557282037475596,0.15965907915597677,68
1083,929,0.30879997735537784,0.13346691525381096,134
1084,543,0.31599978772020315,0.12867727636188644,39
1086,491,0.3742739964182452,0.15657556113509696,17
1088,444,0.3216709796898485,0.12334804910649269,29
1090,408,0.4325311188775202,0.19777323134933622,33
1093,344,0.2465042911645887,0.15246057467528903,31
1095,884,0.20125496618685967,0.10772558392369186,19
1098,297,0.2900246084656031,0.1595743845322655,16
1108,372,0.21947642977834994,0.1202962869662869,48
1113,621,0.26893152914636237,0.12747301510794504,23
1114,359,0.3641546970277755,0.16963252931565942,13
1123,671,0.13517964459355583,0.06260178298178504,18
1124,994,0.2624997931812316,0.11048028975043525,30
1125,499,0.304172846023872,0.13752592372177702,43
1127,253,0.40133329855954,0.18232548269223525,9
1132,934,0.24031396011538195,0.11522498738721881,76
1138,298,0.28932650559818135,0.13720114958788968,21
1159,267,0.3260188853609604,0.1906701043307418,17
1160,616,0.3379046598628684,0.14497137115512373,21
1165,583,0.2696248165046058,0.14509945984488032,43
1166,749,0.37018620366646404,0.15759524037491382,24
1170,343,0.3321143819409634,0.14077663560262246,9
1176,433,0.2995643508692696,0.17378265716711755,28
1180,380,0.30382693058236604,0.1672405358570852,15
1181,640,0.5640290773545341,0.1574701574046588,34
1182,435,0.24840502619764393,0.1375346976905249,54
1185,618,0.2768282646477366,0.12766608395019663,53
1187,233,0.2624907876279288,0.1610228849063363,31
1189,508,0.585573339485537,0.16605332595425967,39
1191,961,0.3867093056820234,0.14753849354313497,116
1193,533,0.24838393482069515,0.15365617501793663,27
1194,670,0.2562064709646163,0.12173825248183577,41
1199,297,0.1566330757753199,0.07981952273945955,20
1200,320,0.5383301599462926,0.17721664968152842,19
1201,320,0.30099911896576903,0.17641103910099146,34
1204,571,0.4307398480789719,0.1468309313287349,96
1205,702,0.3439536250617803,0.1401850329168582,61
1208,865,0.27801776850690024,0.13895162171757716,43
1209,234,0.5046182898920517,0.17550683165001996,19
1213,326,0.22692503476654272,0.11814365547555765,20
1215,782,0.2521092568745526,0.10885031976180816,26
1216,1056,0.3494435023695064,0.15728117617833032,105
1217,200,0.6860446219250281,0.14088766976158057,26
1219,517,0.32627890320732417,0.1632599145724914,28
1224,531,0.2224912935881986,0.11382468319206483,49
1225,310,0.3962907177637401,0.16872179711934648,15
1228,439,0.3903569166459689,0.1467513549594337,27
1229,682,0.32171020397616734,0.16232309534563247,87
1230,775,0.31006722807763265,0.11711819735947944,32
1231,1000,0.15034120431187853,0.06883383784041208,114
1232,232,0.31116558226658136,0.15457429528483285,9
1236,350,0.29435961478479566,0.15041762626932034,16
1239,545,0.34220703577044026,0.1555934871756684,5
1244,526,0.3469623176527116,0.17570489068605932,38
1248,356,0.29252504696126763,0.15047494062957215,24
1249,460,0.31993301641902633,0.15712712970182285,29
1256,346,0.7834748246883271,0.10775835568112448,21
1261,744,0.418916933363394,0.12740339562746686,29
1263,394,0.4471176283035082,0.19818429277238694,25
1267,529,0.27158928804213667,0.12939152123838998,33
1272,304,0.4775952414679198,0.1799300107823949,33
1275,392,0.41921370285480486,0.16972068669814758,50
1277,584,0.3736389299470431,0.18309725246553551,27
1283,215,0.4446432519206433,0.1968432647438182,7
1285,333,0.37304644846042295,0.18139137630388924,40
1286,660,0.4483194582512715,0.16567877653574548,28
1290,405,0.42148263180842327,0.18381492243847475,26
1291,390,0.2903817198347687,0.15028199240825538,24
1292,757,0.39472315511649003,0.1614959626037243,118
1293,362,0.3001183498552482,0.13211850299659875,25
1298,619,0.3219394345557719,0.13526450526045514,52
1299,602,0.42776845102797517,0.15554057895668474,4
1302,477,0.2753234047764399,0.12363856704034382,13
1305,373,0.28364747037977656,0.13409589702021804,35
1307,600,0.3837399826261516,0.1841314576079701,11
1309,995,0.3459232898016373,0.13425516797980533,61
1311,233,0.34038430486173066,0.16995060814843913,19
1313,501,0.3650470115595119,0.1357447194341674,44
1315,381,0.4414246710803459,0.19108281330137228,60
1316,333,0.39131995743757575,0.16373469504126534,32
1320,408,0.39058325850214154,0.1810482643985278,44
1321,564,0.3204906950132755,0.13935481208541456,18
1323,298,0.38872670076232,0.22241529792394044,15
1324,373,0.27421863324437074,0.1329352971582459,18
1325,769,0.3475733144335134,0.1601664053168488,46
1327,915,0.27029076109235134,0.10906734288626628,128
1333,555,0.2512998254525495,0.13885862504736363,32
1335,555,0.2443386392414398,0.11791925963322976,30
1339,215,0.4769040063985442,0.20922799203342293,6
1340,297,0.459176019808708,0.1745518278842697,35
1341,312,0.35671146571994583,0.17241058326490727,23
1343,254,0.41751430731567857,0.17697640248835395,29
1344,726,0.390087651503529,0.13445718249813957,57
1350,630,0.22502086664486506,0.10948108602727007,27
1353,442,0.34790330186052554,0.16222867516576578,35
1356,209,0.4563916755272389,0.21454132199160653,20
1358,270,0.31702774476116163,0.13953839435032966,16
1359,580,0.19831370895207734,0.09516848512081529,80
1362,262,0.3459588330639545,0.2209137452793006,10
1364,413,0.2997877269138362,0.16059920986145348,86
1365,207,0.4084615744551851,0.19835983575451713,9
1367,438,0.40081906502594705,0.176833910380498,36
1368,344,0.509022326874983,0.19916510960365855,14
1374,730,0.3106593566069808,0.1312510715785449,16
1381,495,0.44795413300399084,0.1896052083367664,29
1383,540,0.38030246632800313,0.15656093261962142,12
1386,376,0.2366807000751453,0.1405584405364187,33
1389,498,0.22916184010115526,0.12693971316222988,38
1396,613,0.15514485327524544,0.08571677431486859,38
1397,629,0.26968789381056485,0.1514638302480845,24
1399,515,0.20181780155776685,0.10877387259715078,40
1402,363,0.3680051538293507,0.1744403531316137,18
1403,1120,0.3433156582205758,0.12323829690030318,59
1407,1201,0.3257238387508459,0.11752429527943946,101
1414,242,0.163086133279165,0.12037923103854874,19
1415,329,0.3388759224081457,0.15168669146735175,30
1416,407,0.23880849223556386,0.10749403145288819,32
1421,430,0.2848052500723092,0.14452136379330333,70
1422,429,0.29184502517790867,0.13590773714732907,21
1426,433,0.5238902914296061,0.1606916126701007,21
1428,481,0.19139858725987313,0.08370698823175513,24
1434,476,0.3936600168419904,0.16021010962072768,27
1436,496,0.19825511331128617,0.09074785150337963,24
1438,183,0.4002452656521738,0.16176615834227837,8
1439,284,0.6440785388492704,0.1322520159607285,27
1442,832,0.23258501332600018,0.10726117507315135,62
1446,255,0.46956585809841306,0.18206716202394682,13
1451,334,0.404019225901296,0.1863789140459076,29
1454,777,0.22624018145272431,0.09721347748040893,35
1458,243,0.594469592363157,0.16442186328890818,45
1463,424,0.23210803308606556,0.11963307988466473,51
1465,320,0.2857647183124482,0.11922192624216998,30
1468,710,0.31846742163361347,0.14262376730146642,33
1469,890,0.2673702456053681,0.12777893132206128,24
1472,433,0.44535401296044347,0.15369240491395142,0
1475,815,0.3735146547752052,0.13073492747697887,21
1478,433,0.2646484350364255,0.1342855990586935,20
1479,436,0.47450835066709807,0.1903884272704141,42
1482,637,0.3015240280474082,0.12486891456387873,7
1485,741,0.27949475244148075,0.13624734652771275,33
1486,955,0.3336437859191157,0.13761627137564234,63
1489,532,0.2808370829349026,0.12456330070904026,37
1492,1109,0.23109788249674867,0.0965223178054021,141
1493,602,0.3543869906513168,0.17195396487782422,48
1498,200,0.7223547089646215,0.14856412865190924,2
1512,652,0.36696528332050493,0.15167886621142027,31
1515,859,0.2050032110312257,0.09372353139533492,44
1521,766,0.3118401963451442,0.12744767392938308,40
1522,452,0.4058850336877654,0.19153304735103366,28
1523,886,0.3572899341229791,0.14159467705791495,50
1525,599,0.23961346609255216,0.11566944109281105,30
1526,436,0.454503284222122,0.1833410607275263,26
1527,461,0.3627786924394233,0.1459604637009109,13
1536,285,0.3360955175524961,0.14268359545291986,18
1537,281,0.27530320544942366,0.13092382252713697,15
1539,950,0.2729391139555502,0.10640702949673522,46
1540,269,0.18256136270262635,0.10806407369138048,30
1541,313,0.40179544631778163,0.17146668099831006,16
1542,409,0.36262999852094474,0.17121593050698333,25
1543,823,0.37961698909458125,0.1371507379939687,6
1545,519,0.4202030253836984,0.15947479192902492,68
1548,662,0.2979922608348367,0.15587001814472007,60
1549,432,0.445863302453383,0.2103407030921874,54
1553,429,0.3791177604005042,0.1721634957473518,9
1556,635,0.4922631206143048,0.18370602846807244,33
1558,548,0.29042341361126267,0.1369541325374326,100
1561,336,0.49939287483596767,0.22306219543974576,21
1562,455,0.2501478337827708,0.10340843326204822,66
1564,962,0.34880297131221055,0.16544139183062906,128
1568,324,0.34351377437956926,0.18722218202783864,9
1574,456,0.34968820035443887,0.17629784269219434,7
1580,444,0.3084212345547539,0.15629141843448965,97
1581,329,0.5177686322611369,0.18305204124078361,28
1583,475,0.36778476431863527,0.17749344028202158,33
1586,771,0.17222931936747882,0.06973147606933126,46
1590,817,0.3155421393753077,0.13647607627602074,130
1591,300,0.28433067767892084,0.1231510423212597,52
1594,262,0.27753445780644315,0.1514899318274417,12
1595,634,0.38443461052024536,0.14724054691291302,64
1596,184,0.41706838634448745,0.20834653530916047,25
1597,589,0.28440397426466896,0.1506532579513238,20
1599,628,0.4825316388792158,0.17641635989356305,23
1600,174,0.4212557701445306,0.18307921274162386,8
1602,843,0.3147042489324772,0.14507196156924723,34
1605,699,0.2758331492761874,0.14168336898803202,35
1608,418,0.3469985366069039,0.19890345480295615,51
1610,427,0.45347279829297793,0.16423783641511447,31
1613,253,0.3629702595426809,0.18011333399984591,7
1614,302,0.41673369769525953,0.1542058114104764,24
1616,529,0.3294397156049166,0.11671997140097186,63
1620,544,0.42426262683698435,0.1490403809356227,132
1623,486,0.202710705283632,0.12343969270610546,41
1630,498,0.3520311686887928,0.14908815978168086,16
1632,238,0.33159547508248693,0.2016066121689927,22
1633,487,0.6724995905317075,0.14048547972769004,17
1636,276,0.38319452544852817,0.20425704259962177,20
1641,659,0.31330469615962386,0.09180468772096013,36
1642,343,0.1897500272045684,0.1106217426246857,67
1647,305,0.6324263549172082,0.14486924994974662,24
1648,683,0.3477666398526853,0.1307271523929555,69
1652,715,0.23927798627192007,0.11195926170799099,85
1656,164,0.36489807210799113,0.1947187845521835,2
1657,740,0.19445798788344715,0.10445005478153009,18
1662,232,0.2906596673690581,0.17029132651348267,42
1666,746,0.42466605887471764,0.15166835129643552,28
1668,275,0.3411436022995922,0.1890582432386812,28
1671,560,0.2857927932059267,0.13597019590332063,72
1672,495,0.33323130622284364,0.15829008692711752,29
1673,265,0.23933484827802115,0.10952622699470263,49
1674,524,0.32107774792617516,0.11516935336720073,29
1685,224,0.3682972637187533,0.19293861584976846,15
1688,297,0.39817988704204355,0.17932823774005108,11
1689,257,0.38436037002473905,0.17297403458607524,16
1694,505,0.48564251264350644,0.16430153251609916,22
1695,238,0.27400400479819076,0.14677336357333415,15
1696,623,0.2617673012546009,0.10733174004795523,31
1699,379,0.24459605283683067,0.12745783783489276,48
1700,566,0.27805467119528254,0.13893243145116527,40
1705,538,0.30475207396095116,0.12855557237654452,42
1706,574,0.2298292818433536,0.10645751981102829,31
1710,510,0.3724458147348391,0.1804992074788912,51
1714,442,0.2574985888321978,0.12578785589616434,14
1716,512,0.2683855655739206,0.14838802222150102,104
1718,693,0.1559759932971591,0.08263908048743968,72
1722,666,0.27625780566972014,0.12070372284129241,16
1724,433,0.29068516914479997,0.14850829613636016,71
1726,632,0.23826246670825502,0.12785748759544896,11
1729,700,0.49702684101433864,0.21541708868285606,2
1730,833,0.24986248007918002,0.10770805172343764,66
1732,536,0.23779217919089937,0.13702544166473982,51
1735,464,0.40707050984444504,0.18149567957237395,27
1737,359,0.4428072938257417,0.17211820463157085,64
1738,489,0.3237582356015998,0.1568580569102949,97
1743,554,0.274515062030852,0.13048441303094624,49
1745,649,0.4230161869916275,0.18809683264138471,27
1752,1081,0.20521736223593984,0.09211846076705289,63
1753,247,0.4355962159532022,0.21160338635705195,23
1759,310,0.21000580992209783,0.13157977462937817,31
1762,570,0.7609270444378051,0.10553038562267154,27
1763,206,0.27209012567566193,0.14096680306486095,68
1766,331,0.4209001292687987,0.1613427187392651,41
1777,574,0.22209416081959862,0.11178600693062438,42
1779,527,0.37618688711575854,0.1887451378886496,22
1783,591,0.4402327860302488,0.1480766805088684,62
1785,707,0.2832484692443296,0.11507096445080534,31
1793,413,0.3480802158580275,0.12788163576909742,41
1799,802,0.2997243440212697,0.15010665559458464,71
1800,193,0.3345361667189578,0.21112584670922188,7
1802,428,0.3077815137522904,0.16067761144111722,22
1803,2038,0.22647551111191697,0.08473590996327787,153
1805,419,0.4196682675816772,0.20449582922500667,19
1809,444,0.3171201651829262,0.17870823191995522,46
1812,430,0.3798206597347668,0.17835739504418,29
1816,779,0.3047199992182861,0.13236985943346005,39
1819,510,0.1994392087620269,0.09416591619966043,27
1820,713,0.3578961834126343,0.1272943463836936,120
1821,840,0.24847967327136017,0.10324574971341711,48
1822,387,0.6095681807360567,0.178085704674563,52
1826,254,0.45038412815457884,0.1960551207023063,9
1832,620,0.38170368891231155,0.16965246813834425,76
1833,536,0.30255209596604593,0.13573519198224826,48
1834,234,0.46126309068125926,0.21530112135872734,33
1835,929,0.31586168196277015,0.11527064911499886,62
1838,647,0.3422804436228394,0.12452729005950489,35
1843,666,0.2691622025069818,0.13570427413958214,21
1848,455,0.2804886183334705,0.09919401409651439,25
1852,418,0.5056436739774879,0.1987219412202746,46
1853,263,0.47356518445877677,0.20234356265585218,35
1854,503,0.2689338235392403,0.14317223355259445,47
1855,547,0.3610686911058323,0.1532452548055526,69
1862,540,0.29471309730989925,0.13318099532318942,47
1869,242,0.28408080204680747,0.139605905277233,6
1872,301,0.2697649645844238,0.12447893538516339,21
1873,549,0.2389383534460669,0.13111263849938087,30
1874,248,0.17112316393350288,0.08770539119381908,20
1884,641,0.33543967343371817,0.15782099116075513,56
1885,440,0.3389249863913234,0.15714994518315473,77
1886,341,0.35256019839571123,0.1497592508462577,23
1888,689,0.42328421858560167,0.1584169901948347,55
1891,629,0.22147111733612915,0.1168443774409628,62
1892,601,0.3495310914336611,0.14317046501164538,29
1893,521,0.33003682270243057,0.15121667889479165,49
1894,306,0.2769956188364849,0.13284498682094648,19
1896,664,0.31968642379251644,0.13575095321058087,76
1899,442,0.250319355204619,0.11587286088929467,32
1900,871,0.2705147013615258,0.11104849075804554,212
1901,543,0.3833315239289529,0.1315193079522774,24
1903,777,0.309496242806784,0.1206962008916624,48
1907,278,0.33592528334307054,0.17490048354355714,16
1912,987,0.3380680694312922,0.14291197208517994,117
1914,325,0.38189133498454786,0.1800081775954431,25
1916,640,0.4620273544544824,0.1616294328602074,46
1926,188,0.46989191093256905,0.18135747561644483,34
1928,527,0.3667759249313687,0.1705045414326113,41
1930,280,0.2563850385029101,0.14201917524641577,2
1931,332,0.4195594578161514,0.18957124506913528,15
1932,887,0.2594828347402874,0.12461308304019192,44
1933,233,0.6597302134214799,0.1679047096440401,18
1934,491,0.4454497722359314,0.19245873281184075,68
1935,786,0.3661043923973185,0.12477651362273566,62
1937,427,0.3781099323837638,0.17338782631915803,19
1938,731,0.308150370717029,0.176171254419361,45
1941,917,0.43162169405612527,0.17219101341937054,47
1944,554,0.26727470836996087,0.13601360194391246,23
1948,408,0.2735301149497089,0.12554579586009434,0
1949,289,0.3049837592211893,0.13767690269192734,39
1950,390,0.2716960753253687,0.14610779236863564,26
1955,231,0.23719112351629051,0.1288226361820985,10
1959,776,0.3809518625974336,0.16350988258818305,97
1961,690,0.4425150566403507,0.1497124750401539,39
1963,602,0.34133114872286324,0.15644282567936416,92
1965,348,0.28444883015807704,0.15229045061972032,22
1966,415,0.4629476619729931,0.21284491924453425,7
1973,605,0.2859642497561186,0.12375381922265756,29
1976,862,0.3284088827770766,0.14683540739828685,53
1978,525,0.26762833655394824,0.12105929308739813,33
1986,232,0.2661386376803872,0.13958231807845103,22
1988,370,0.387638139449477,0.1882935327716425,26
1993,398,0.4076284518822225,0.19584690085957232,35
1994,186,0.34763841716523053,0.14087588810866244,3
1995,524,0.2775707479683586,0.11742008230391243,34
1996,406,0.2670019412265439,0.14250960679952074,42
2000,507,0.36752383390911963,0.14678740633853257,34
2002,264,0.2891553379840826,0.17712003277906171,16
2010,328,0.35174309019611333,0.15200393030174839,20
2011,637,0.2146016071703501,0.08987405725614803,28
2014,745,0.3400204829804818,0.11996088342619944,32
2017,359,0.2125739940253175,0.08779174398621775,6
2018,669,0.3280761801318308,0.12236439337072628,47
2020,284,0.2861425817782993,0.15550675279346202,18
2026,382,0.2831195397034308,0.13166687786089543,35
2028,786,0.3698313286078797,0.12174512269399604,52
2034,264,0.14793128057331523,0.09766997125967938,24
2036,523,0.32039072351362746,0.1497596951006302,3
2040,467,0.3498244352324733,0.1278861049253889,36
2041,504,0.48618485708786546,0.18875492343452258,39
2044,494,0.2641470428895143,0.126790266791515,19
2052,652,0.29035942833324324,0.15952988448131866,4
2055,519,0.20344395917080002,0.10174567130308686,21
2058,164,0.39829497100641936,0.19753712061751702,18
2061,553,0.5524931111069614,0.18914473340457855,78
2062,495,0.25939566591272356,0.11924271551877408,21
2064,472,0.28394410217007343,0.1474298995858829,44
2066,466,0.3394747027623509,0.13563079981671436,31
2067,424,0.31071822210434225,0.1429271593818663,25
2068,248,0.177491812189454,0.11617153774083115,13
2072,416,0.3803754476814159,0.16466792185227566,15
2082,432,0.3417454436723711,0.13192440127385197,30
2086,277,0.3431283776794959,0.19349129130791617,37
2106,621,0.36723040620517133,0.1511729973643372,12
2112,196,0.34004141315449177,0.19255269724195395,19
2117,400,0.32616241910005495,0.13845663042769085,21
2130,555,0.1995047057180707,0.09404862450327048,48
2132,416,0.3168341662785314,0.14677925545438777,41
2133,465,0.25788664149564283,0.12093589981656509,45
2134,621,0.29901717492278446,0.1390955374942336,38
2136,591,0.2574196761325651,0.13130247903202688,47
2139,363,0.37296681780385676,0.17839033713786046,23
2147,637,0.2989097443630097,0.1412780729785973,46
2148,214,0.38703512455493777,0.15731568315183547,7
2149,379,0.6417243746183863,0.1625790334707218,52
2153,992,0.19568926435164183,0.0944706887291007,79
2154,1111,0.35691595492703543,0.1395961440125494,64
2157,199,0.335879784178619,0.2015573524334732,30
2161,743,0.3902459632779009,0.1614666576482639,19
2168,1064,0.2315716677562529,0.09486145083784611,140
2169,600,0.35223254415623384,0.13891135770954433,38
2172,956,0.3093820217560907,0.16404241303700995,24
2174,237,0.27111323046564095,0.19503419616536727,29
2176,280,0.2945867626335996,0.14525751218557897,7
2183,403,0.47027983699343345,0.16468267126475222,31
2185,815,0.18977439816988362,0.08658612322197536,66
2187,358,0.3498447749308941,0.1494813331535836,40
2192,607,0.3776028212928818,0.16365665137837734,20
2194,703,0.4622563650186934,0.17216387302752026,12
2195,343,0.30897430037333184,0.1801902910647926,25
2196,200,0.5875661581448872,0.16990510823573332,3
2197,597,0.2669880921498861,0.135458078865552,57
2201,469,0.5189358720669998,0.20254290054152352,30
2206,444,0.15759147896736078,0.06724706447592638,52
2210,404,0.21532026414604802,0.10376905890778042,38
2214,384,0.5695704706274128,0.1440250530675169,25
2218,189,0.7692669824780756,0.14259493294504885,5
2225,715,0.5081025413812845,0.1992626265658194,26
2229,332,0.27793170463802186,0.12276296342457031,24
2236,396,0.5400167704156589,0.13058275543609044,32
2238,669,0.2866437057094445,0.1198100207597923,11
2241,315,0.5267298573515005,0.199211695586279,13
2242,340,0.4696400236216681,0.18441276700482573,45
2243,538,0.34859369603157314,0.14678244411702618,17
2246,416,0.31027482474282125,0.1423553586458152,65
2248,312,0.39994052996909085,0.2028647419006255,13
2251,295,0.47956355252171323,0.18498419726400908,8
2252,888,0.7382479234313807,0.12421266311601807,100
2255,302,0.2747378826622579,0.1461736036034753,63
2258,429,0.34116878030107367,0.16004343494949763,42
2261,380,0.34004908898510494,0.18767414981390673,28
2265,300,0.26560127005057815,0.1774229956487138,67
2267,697,0.3330816218912206,0.13950512928119657,97
2272,619,0.3424155836162115,0.14999296731264983,109
2273,680,0.4631785093481078,0.1676710009540878,48
2275,437,0.3431596963894094,0.13439529010287735,39
2279,242,0.5680189312547742,0.20767339623407433,22
2282,280,0.331796903316912,0.15447329737314347,10
2296,466,0.5706143969052013,0.17175758015131107,31
2298,195,0.4674408824386967,0.22300782145008302,11
2299,176,0.4781013017735873,0.18542151225718634,0
2300,696,0.13530660364026967,0.06355336534919008,63
2302,498,0.3690082208158446,0.16060842357842933,30
2304,698,0.28424470441171984,0.11955167444197917,55
2306,434,0.3603198850866563,0.1522971670120607,28
2307,581,0.38703770577542096,0.15824891855369266,16
2318,745,0.18340977526070537,0.08105400536495624,56
2321,374,0.3674922428443804,0.16271497088108614,25
2323,350,0.3131510271057063,0.1565630590744913,0
2324,465,0.28318995719949663,0.12448736264851959,41
2325,622,0.24475900758339802,0.12807585002460767,77
2326,743,0.19122738199393144,0.09128218637360286,166
2327,830,0.19083676713954692,0.09866339660110471,92
2331,818,0.35969361256449517,0.1556676584244155,96
2332,815,0.3472292861092406,0.13986220081681472,107
2333,400,0.2351056232951884,0.14896864821369518,15
2334,410,0.4357740020785608,0.19917486546505622,26
2336,1020,0.21771679488439452,0.07870150075674238,41
2337,515,0.33820264115770515,0.12853263252900232,45
2340,561,0.31818098196289646,0.1407041202451425,34
2346,461,0.45999869054672354,0.19916430775455854,36
2348,436,0.3246505924702702,0.17006270583774616,38
2352,711,0.31374068407989464,0.13117515005910363,71
2353,534,0.23274544136191913,0.12494977133593387,54
2354,528,0.664490157734906,0.1316702781960365,35
2356,821,0.3457527939633665,0.11477836698466595,53
2364,471,0.32724388641833924,0.16869845605727907,37
2365,195,0.25850162971659174,0.12854958447500692,74
2371,325,0.348875549537206,0.22019553460460406,33
2372,336,0.40174508051068336,0.1769655210946464,16
2373,556,0.7228867584638107,0.16330066803024987,18
2375,704,0.5365941991606362,0.1731416805849281,13
2383,421,0.340922756341813,0.17204591401214703,28
2389,516,0.4250166500461551,0.15580863919491172,44
2394,412,0.4134315342329635,0.1404345338185534,19
2396,365,0.25864591933798703,0.14187905487400945,15
2401,519,0.3585010921178094,0.13138784476639118,14
2405,446,0.33356527325114127,0.1297903229122563,39
2411,368,0.3810222900516642,0.19719891391195196,48
2416,493,0.3911226226489224,0.17734654587882137,3
2420,683,0.3664051157949546,0.14295621930248834,11
2421,469,0.3384044681453043,0.17632511502229142,25
2422,378,0.3781490894700296,0.14392806853874418,15
2424,756,0.3749878435691288,0.1391138608692099,51
2428,207,0.5374702849761073,0.1650504257422329,6
2433,1054,0.274937646071083,0.12119721628799111,117
2441,1049,0.2120559699139015,0.09499497973427719,24
2443,951,0.3257780234275317,0.14759940377099695,27
2445,582,0.5097094491778569,0.1644936293966055,27
2447,555,0.3086508290838548,0.15104947320891288,28
2453,912,0.3032062092478609,0.12799448069308317,89
2455,284,0.3195053854392217,0.17016094002135654,21
2458,913,0.33633075309325094,0.12285768982173695,57
2462,521,0.35235083576213017,0.1720581710046532,32
2470,585,0.3328933059222799,0.14311242986279477,43
2471,234,0.35594751531557106,0.16506733495167786,20
2472,391,0.39121193157028267,0.1624874233425542,17
2474,363,0.19346724739048782,0.10954847421999768,23
2480,722,0.23709276283623615,0.12358359987398682,35
2483,579,0.4699206742642828,0.21266755966309628,2
2485,192,0.42970637277077073,0.1871094686282817,4
2487,724,0.2956985715144917,0.1147297595836347,47
2493,607,0.5220624154897401,0.1914184236253394,52
2494,572,0.26744977636899764,0.126068413698081,117
2495,599,0.35235885168934306,0.12495897675220176,24
2496,467,0.29318998599371604,0.13893826117807898,58
2501,636,0.4692305493197774,0.18530278306233328,26
2507,432,0.34738111656439685,0.15612938874111323,25
2508,564,0.24983076623236347,0.12260901941348275,9
2516,213,0.3812042788614277,0.1824607851471122,20
2517,316,0.5000839571005639,0.18116161631741842,21
2519,450,0.3096839471225741,0.15619427114779671,77
2523,380,0.44260821359858854,0.16701139977538132,32
2527,435,0.2685253107936509,0.13289106286771316,15
2537,459,0.35263136879321977,0.14921367839736663,34
2544,717,0.26957112411692186,0.10699903624950985,78
2547,497,0.2964074146904918,0.14685337549277772,45
2549,271,0.26109061258998867,0.15656574650728095,36
2553,533,0.4213449839461266,0.18768140121648874,151
2558,487,0.2527215200298893,0.11787260111986236,34
2559,412,0.24829437237398866,0.12500654072357428,34
2566,467,0.6745186599708566,0.13153533234268044,18
2568,672,0.32937926774520143,0.13940222997598747,43
2578,830,0.33144918236865073,0.14847903418732206,34
2580,734,0.23446575496421357,0.11349349509286444,66
2584,657,0.287854549260391,0.12311014154034326,54
2585,349,0.28623088385813095,0.15093637854867106,83
2587,486,0.33373655493024557,0.1424932706317154,33
2590,255,0.45300956025468064,0.16099936286085675,11
2593,518,0.2913654172733288,0.10555571800148507,66
2594,394,0.3810819977244241,0.15900487257191767,36
2595,487,0.4242292811967517,0.15914421728707467,0
2596,274,0.5569308605038743,0.21433853184895735,38
2597,241,0.6862736830048135,0.1639747953028819,26
2601,545,0.2606951503481174,0.1333420522431683,54
2606,519,0.3222918242202517,0.1335735572011808,25
2607,207,0.4494959241153599,0.16586406767511425,24
2609,499,0.22325729890219534,0.10105165358690985,14
2611,539,0.378615225406298,0.1440841269393587,185
2613,252,0.39151189792611013,0.17671438211814913,15
2618,682,0.3350638646387417,0.16344128714996198,31
2619,569,0.4788934048034016,0.15368754175571145,41
2622,369,0.2540916278876108,0.1171863308247431,15
2624,363,0.30539013786866875,0.12831385962037306,32
2627,222,0.5618519365992748,0.2040622595423606,10
2628,689,0.3292492979325612,0.17036510361016258,49
2630,350,0.5591433069650581,0.21680007235810372,12
2637,276,0.7309853539656282,0.16324021654623813,46
2648,608,0.512824490384064,0.19633182997244755,27
2652,567,0.44605010755801705,0.15080317552822653,41
2653,595,0.2911927172781486,0.12031835697712844,97
2656,555,0.3783585894588962,0.19703972892172839,28
2658,438,0.27991822975693853,0.16460675196539537,9
2662,988,0.26607282463374027,0.1354103349525218,78
2663,453,0.16449565656445864,0.08388084900726474,49
2664,816,0.43833247852281276,0.148668501298994,82
2665,270,0.4228374828656288,0.1749546504013513,1
2667,755,0.3494390109954674,0.1588799372819398,13
2670,144,0.3075378684513038,0.2142111456844893,21
2674,431,0.24381226669555806,0.11045500793697222,32
2678,260,0.4555587697381998,0.20671536770310123,11
2679,523,0.25726192821912786,0.13515583415171653,0
2688,610,0.12408715349713463,0.08146459765302742,44
2693,454,0.2995523812650038,0.1556563626458584,38
2699,422,0.35426445836021986,0.16819679892785122,27
2700,893,0.3389008539523656,0.12382021482347093,86
2701,286,0.2674605053798799,0.11573175562921806,3
2703,762,0.2358703722658416,0.10270341536726989,47
2705,366,0.3344351979103452,0.20014227747262253,14
2706,868,0.34330938946422496,0.12266924824912082,66
2711,578,0.3741801644542582,0.1518846264711593,0
2712,338,0.314126134013011,0.16523018254720379,9
2716,630,0.22976851192384165,0.1085327281393253,41
2722,900,0.30190389437540993,0.11154341715852849,114
2724,717,0.2255651262048885,0.10505948141717124,44
2735,316,0.33718617353967395,0.17769244544783216,25
2738,930,0.27499221267294455,0.11389664402074433,63
2741,545,0.24879907964751907,0.11957160370110263,38
2742,534,0.32077179111697457,0.16894518328690158,33
2747,426,0.31567221152706715,0.162172123305836,11
2749,368,0.3511795528575696,0.13017797746274612,32
2751,809,0.3461659541893942,0.15483464741458475,46
2755,457,0.3240990047014381,0.13714693850482054,45
2761,726,0.5877932811482333,0.1378819874284775,90
2764,956,0.33189609350152144,0.11235202898729373,120
2765,324,0.3552475641736291,0.17916692130018694,38
2766,617,0.31493791076526445,0.13089957221244172,23
2769,489,0.26497601716073976,0.10682641373405506,37
2775,612,0.31747763674552276,0.15982956104586948,30
2778,865,0.3596173793918482,0.13713814158944823,78
2779,242,0.3744089393154525,0.19117266000240613,16
2781,733,0.3235109532183536,0.13616313438936922,30
2783,530,0.3971341954319375,0.17690170157676963,39
2785,536,0.296072537840927,0.11690823160090545,32
2795,526,0.36102414116059356,0.1648037703312767,3
2800,436,0.35850008532307004,0.12231109571152023,26
2804,490,0.3263281685674886,0.165166622801237,39
2807,328,0.31520818520468363,0.14364841292253502,20
2814,356,0.34966285339200565,0.1432885850452994,12
2815,439,0.241599518885567,0.12352766595056294,26
2820,360,0.6307949497659812,0.166059694937103,19
2824,628,0.32378982197111916,0.139978123730374,35
2828,475,0.27366235589387267,0.1385404976138413,38
2829,369,0.4010743014068678,0.16851506952631815,17
2835,681,0.3337134150768291,0.1412643343588301,62
2837,506,0.3399004249174037,0.13133244126144902,12
2838,981,0.3270473753633558,0.16016268883799936,42
2839,220,0.41480679688033445,0.18790083411001646,9
2847,692,0.24840693159737237,0.11675228977242734,59
2849,423,0.25125840342168676,0.13108397141208644,39
2850,455,0.25371506134536664,0.13936785378477276,4
2851,427,0.29264290640184293,0.12941135346489094,36
2854,242,0.16755844677163084,0.09422442833036798,8
2858,664,0.4413478346084742,0.16482943274840064,18
2860,692,0.745208591870306,0.12289042171096203,30
2863,344,0.3332215838704188,0.18233466766995374,17
2872,738,0.6637130184878138,0.11312213698488696,78
2876,440,0.30559965054898386,0.1550773037612321,17
2877,305,0.3383057528228658,0.15579732935159268,20
2883,311,0.5417638401387183,0.2024271807832769,8
2888,358,0.37564254119000207,0.19323577897531685,36
2890,308,0.3709303544904358,0.1901222390014952,14
2891,203,0.3980683058898582,0.20571126794664374,44
2895,212,0.19859924210769048,0.10871364620369509,9
2914,348,0.4113919128127042,0.16725523669081888,11
2916,199,0.4304462264680008,0.19013280725039428,2
2929,285,0.5288060962239539,0.1955850342782459,37
2930,383,0.2886061954528324,0.15028193457152847,26
2931,343,0.41315934860932063,0.16178006249428414,16
2935,590,0.2067083034059922,0.08886997298000725,54
2939,462,0.2737882524538083,0.13703885832576226,17
2940,451,0.3582361858964445,0.12950480399640152,42
2943,395,0.5230292139980114,0.1783936112768053,50
2945,1210,0.10368954792359451,0.06527176228100931,143
2947,579,0.349909093715505,0.14220855295628174,43
2948,513,0.20405021404832996,0.10695070509538514,1
2949,435,0.2793442538769684,0.1521976449348606,30
2952,730,0.3571726895550323,0.126722745762938,19
2954,656,0.33809475878136835,0.13998869373455988,7
2959,521,0.4070955213282497,0.17355674896406897,34
2960,868,0.2594129024425043,0.11730573161052835,72
2961,690,0.30071302431498875,0.15579277249154172,39
2964,289,0.3367777885027972,0.18124117118705127,18
2966,250,0.3024516676778701,0.15608492221193146,13
2970,510,0.314313826077017,0.1398917021330991,26
2971,562,0.7467481432578662,0.13447772989490828,23
2972,442,0.2195812773874902,0.1013545922784368,81
2974,743,0.35299654061417407,0.1768058260252538,66
2977,338,0.34978407457021915,0.1651805520136593,7
2982,706,0.415036582565989,0.15287293135697053,69
2991,535,0.34093569270057056,0.15309657859275907,43
2993,607,0.3310699437731363,0.1472516598856897,49
2999,218,0.4248367427424544,0.1977593943569962,15
3000,300,0.4761091066904667,0.21698553132348608,19
3001,283,0.41312959911733355,0.16529332970033359,48
3004,424,0.45892054681089256,0.18333843341245917,35
3006,366,0.26917583809287565,0.1426236602256488,29
3009,540,0.2595795110557068,0.1717930950722797,42
3014,634,0.3636791913171856,0.1243386429190571,71
3019,616,0.32585556112545294,0.1411881504389923,96
3023,384,0.32800852574633277,0.20495523858100903,9
3024,720,0.3995106055073734,0.15518302609803308,74
3028,460,0.30899514007027135,0.15634369720797425,32
3035,569,0.22423285168500337,0.0773137045020821,42
3039,417,0.18846048083085457,0.11490041999298574,75
3040,697,0.18715388036238537,0.11062017076232669,79
3044,678,0.31121065590995084,0.12496063639496181,64
3045,214,0.44536816047493405,0.19850130971968016,60
3048,305,0.28074391149829925,0.1358989670846305,14
3050,211,0.33206568224368654,0.18277493941178927,11
3051,781,0.2351798901187891,0.12367461654160015,71
3053,533,0.4015344776660218,0.2120673277724573,40
3058,1050,0.3330004906390908,0.13605466713483982,53
3059,335,0.36541220760513826,0.12416592359245747,8
3073,808,0.46849925087200645,0.16149815432248707,53
3074,686,0.22281940284839158,0.12642273356719563,6
3078,258,0.4974507031562799,0.2348081258578978,23
3079,366,0.23154603600592696,0.11634235358802941,26
3082,497,0.4500100049257293,0.16621202799009552,54
3087,308,0.23533671938042725,0.10738069439842278,39
3090,314,0.2911868932215613,0.1576160430757052,25
3093,769,0.2458821972640377,0.11170112114487755,22
3094,579,0.2859874329328296,0.12872259210970677,43
3097,794,0.35114519384908427,0.1586855040355235,69
3098,486,0.24908669779425555,0.12048416391572184,9
3101,302,0.3124926807348322,0.15336688605538912,101
3103,456,0.38077873546000385,0.17059025760198365,12
3106,374,0.4467684788211929,0.17033616318347816,11
3107,470,0.28867428130661854,0.13881902871726765,38
3108,599,0.34999423412360986,0.12168329220378521,23
3110,348,0.35226526620715926,0.17679297963457907,30
3113,672,0.22320206014044996,0.10053622712311075,116
3116,292,0.37338167358099894,0.2173720938759378,16
3120,428,0.4416841785766795,0.16000130178458363,37
3121,794,0.3594798165320803,0.14661747902153088,54
3125,558,0.34224227311703803,0.169004816049467,33
3128,232,0.2988472633965501,0.16906694747200982,8
3130,628,0.7197223939310338,0.11137897980825638,40
3133,535,0.2167431192695669,0.12836773439392804,47
3134,950,0.30640270270201064,0.11676364806029053,53
3136,204,0.5397346942040883,0.18480462173699955,43
3137,425,0.3985695890410823,0.16339925027973504,12
3138,383,0.2566817262395735,0.10517676255799097,8
3142,348,0.31485494532042296,0.1803061532865421,9
3145,785,0.19425217275853005,0.08527859780931663,41
3146,1230,0.343196754414654,0.14173734030631588,94
3147,679,0.28964920224745433,0.13733189212679991,28
3148,992,0.375045066894321,0.13659554155779238,69
3149,442,0.17478408813729188,0.07344272576813204,27
3150,661,0.3041403656427239,0.14068654641526115,41
3154,661,0.25102387162098444,0.10631376482731102,30
3155,421,0.5091659606754317,0.1552769349654802,21
3157,437,0.1872000898038429,0.09640917534604798,96
3158,439,0.36108365281221744,0.16057042376593794,0
3161,297,0.3920834824187894,0.16592065475003692,56
3164,515,0.44978396078538885,0.20917642725374008,27
3165,723,0.34143955169800755,0.14894335477787976,51
3167,458,0.32650791106172333,0.13031980609765942,18
3170,271,0.30560603685343307,0.12295245610846162,14
3173,702,0.20024375728373428,0.08830855941326807,78
3180,265,0.2606322132298345,0.1657955003919779,8
3181,948,0.3201463029217786,0.11981673962465172,49
3186,637,0.3486191400875388,0.15691321838692238,60
3188,1009,0.19243051950705375,0.07982043128889009,153
3189,520,0.255444320475409,0.12121616075975862,23
3193,1010,0.35828333947357366,0.1644120159947169,86
3194,591,0.4621669404564844,0.17956306919812318,28
3196,578,0.3200622920777358,0.11475992356990104,42
3202,400,0.4196246492762626,0.17088036409174637,27
3203,572,0.6397402761385816,0.1630835767543724,40
3208,407,0.31456102145138315,0.15467334281403955,36
3216,236,0.4074379351479441,0.1911884135674619,5
3218,227,0.259778812788787,0.15362271487231405,18
3222,569,0.33265065205290434,0.11767294493981133,32
3223,572,0.4231188279136312,0.16919348557874528,6
3228,597,0.3970876234688228,0.17560369386862318,42
3229,418,0.3631284796190787,0.19021086129087342,28
3232,460,0.3662269006366105,0.17875289410491327,35
3233,707,0.22423638502799517,0.13657365537982072,62
3235,213,0.41214848325929665,0.19802159868202376,27
3243,225,0.3108637145075194,0.1633714742735312,14
3247,719,0.26553038173556004,0.09073316435474374,30
3248,598,0.29010387372953184,0.13326872523663244,34
3250,346,0.2519269186833421,0.13404405104993478,13
3260,302,0.24147160678858703,0.13028248771070694,15
3263,319,0.2725190551381085,0.16208493105824215,42
3267,638,0.31498108191516005,0.11993262160594445,44
3270,727,0.274579106032414,0.14893314001855779,149
3271,395,0.36525042178443823,0.17185061508636834,46
3284,436,0.3962127226172437,0.14102012778206952,13
3286,551,0.40542879050961583,0.15895869750860658,89
3287,930,0.319073783637465,0.12925133033634234,33
3291,1039,0.28834168990167297,0.12090801622654772,160
3293,552,0.3524028305964079,0.17307303590221343,45
3295,418,0.36867154050835177,0.16588472482063704,17
3296,233,0.6780043547883369,0.13696381444113404,13
3297,467,0.458247534350692,0.19176981615323432,6
3303,422,0.24501545653280957,0.12958739701417532,0
3307,471,0.3772387561476957,0.1658088184816047,27
3309,284,0.5126635420845342,0.22054156569204134,18
3310,856,0.33877959267141877,0.16631191213322877,78
3311,1173,0.3419210995562829,0.12683866444773792,90
3312,415,0.4231804976513441,0.1770299701337504,30
3315,462,0.29694522083992336,0.139379845999958,36
3318,506,0.2976260889685162,0.1507884795820523,55
3321,711,0.30249423493232874,0.11549198724309843,36
3325,563,0.3420238819094746,0.14882332929090794,37
3328,455,0.36139547895909885,0.145463140949468,36
3330,664,0.4730169405387172,0.17638102888031984,38
3333,218,0.35262897588246517,0.16641524060880797,27
3334,676,0.3302601690979991,0.23056189992524292,5
3336,381,0.197916237896194,0.10348485574366091,23
3342,387,0.3361765077662862,0.1641753336071296,41
3345,619,0.24300714702363221,0.10939609305812209,83
3348,628,0.40242342265042663,0.17220264537728325,46
3357,241,0.4360766197329903,0.23233593056449428,14
3358,557,0.32609035388674196,0.11805801974854943,22
3359,208,0.7672948314442632,0.11676936721063273,10
3361,785,0.2263942886742751,0.09557761318746762,56
3363,359,0.44824469188502947,0.16388989606146595,44
3364,727,0.20986170357487022,0.10098555673343632,17
3373,961,0.34250198480457067,0.14002655991535068,63
3375,217,0.5529195942667905,0.22017089997892375,18
3376,290,0.5373640775498183,0.17849426811620278,19
3380,571,0.5801176026557388,0.17919501606270452,19
3381,636,0.18340477692077437,0.09032143739433783,58
3382,460,0.31271377629237973,0.13154391577124502,99
3383,641,0.35346773691669775,0.14954733516032515,67
3385,540,0.4405491648424547,0.1871439496269709,24
3389,559,0.4129247948242838,0.18923039372838124,38
3398,271,0.3070865559915374,0.1399878952605755,9
3401,351,0.4848195783072661,0.17579463085757496,35
3404,358,0.48229837970858,0.1800933798927835,57
3407,223,0.2843311148917482,0.17610742194582882,0
3409,469,0.5302748225991343,0.1670963359784061,34
3413,208,0.36770395897645897,0.17820667792215453,9
3415,778,0.41457910409451804,0.17369367122305923,86
3418,461,0.3173416917257545,0.14989771738673258,26
3427,253,0.3888397297125937,0.16287042570106094,23
3428,486,0.21773724046310494,0.10620626588126149,27
3429,545,0.39811541108505305,0.14623706698066966,40
3431,446,0.2511570907245352,0.11329918448216182,31
3435,262,0.3600351694072681,0.1694698380893872,9
3436,285,0.3975081079422795,0.11990683483336839,28
3440,235,0.31650301891952326,0.1862878979277399,9
3441,342,0.5125771947675488,0.21454835537863315,15
3442,397,0.3344711512808204,0.1484041666745211,60
3447,344,0.4183206167182627,0.21443066726459106,11
3449,348,0.42293422540838643,0.17558555143550814,25
3450,521,0.22563701012125276,0.08898625874439833,63
3451,502,0.42509723285081136,0.18118681919735866,39
3453,312,0.1782305656182678,0.08033859165033984,37
3457,353,0.45222840404688697,0.1623502745486817,72
3458,330,0.31650897811783363,0.18304134324868393,15
3460,281,0.3929619945658308,0.15424455350068597,9
3462,458,0.4728249660029933,0.16091206319671703,17
3464,576,0.2495508544252899,0.13240693841789658,69
3468,538,0.5033145973760376,0.17805838479421277,21
3475,463,0.41743905210123533,0.1841683587741926,20
3476,234,0.31873262141326575,0.1770788496074948,21
3478,579,0.235430302076654,0.11785427808388797,39
3481,304,0.45999148800579853,0.22924628478307316,67
3483,724,0.21112777521577114,0.10334467723421496,37
3488,485,0.3170190035146771,0.16376244811329563,13
3492,343,0.3631769178551072,0.18897585425896202,53
3502,490,0.24248460470612415,0.09785202780257074,30
3503,394,0.4416745343971811,0.12369328735117337,9
3505,514,0.3285949850674604,0.13712974975454004,39
3506,424,0.4350096849539058,0.21215152346399074,70
3513,478,0.2995579461638349,0.14635879269751043,27
3515,484,0.482431065846411,0.18019147800221366,17
3516,631,0.24592149683171377,0.1258690081431251,26
3521,977,0.3273617035684276,0.13045260240808004,31
3524,930,0.16985884498505638,0.08841543637331473,103
3526,224,0.6063858688991991,0.14048953075366533,52
3527,403,0.3301064129804331,0.14885153497468284,40
3531,520,0.32129679220261287,0.11548413586883152,78
3532,291,0.39218426882802837,0.18070645527128737,35
3533,673,0.2817242743880004,0.1324292739634026,44
3535,393,0.32208537944682875,0.13279986028255067,26
3537,742,0.3386689100063677,0.15642387793238038,29
3545,572,0.34354109686439216,0.13304784992277352,21
3546,478,0.20189386020139807,0.11374061085158857,21
3549,1000,0.3077331772960666,0.12160952516640575,53
3550,682,0.2819856905466115,0.11855899020500239,28
3555,642,0.33678277275837043,0.1544854575944035,36
3559,520,0.16409551471528208,0.09346344246898962,61
3562,540,0.33352372501272526,0.14808576989154723,26
3565,496,0.40355678182762394,0.19512338763212744,17
3566,615,0.41100160873200353,0.16133156572405602,33
3567,214,0.39593596551152055,0.17649376722337057,14
3568,438,0.3017596147109905,0.12302693746501381,41
3569,233,0.250036716522442,0.127648196855938,21
3571,527,0.39813577294608016,0.18872041002723813,37
3572,878,0.28259814512140063,0.1216774127822864,44
3573,407,0.35866718991775015,0.12762403882630563,39
3576,499,0.2903386816959286,0.1264214068489161,28
3588,1026,0.23942359675497465,0.10614537041473501,112
3589,290,0.5059368623455288,0.19769023093211222,30
3593,540,0.30671783920643364,0.1723532933834116,75
3594,905,0.373523530465027,0.12284018761104083,62
3602,505,0.14474169095281755,0.06989067449111357,30
3606,472,0.27883910490497604,0.11595732782809474,40
3607,531,0.38939955295433915,0.1646098785861629,65
3609,285,0.2947810990582881,0.15710439557795539,16
3611,223,0.45554618700808625,0.2570045507832585,7
3616,603,0.3379635535777901,0.1639600023303602,14
3618,404,0.26729419705673024,0.13788231658358796,27
3620,276,0.39661378347635795,0.16719262586149145,45
3621,572,0.38501489700166286,0.13043986624906012,13
3623,352,0.2688760548112133,0.11860419633844543,17
3628,225,0.386782543695617,0.19725007988234558,11
3631,847,0.3853046788920821,0.18704521618143788,87
3642,906,0.3349216889411269,0.13756985598638807,52
3652,763,0.33812226899530046,0.12437719413387924,39
3656,1016,0.3813132683984099,0.1375646663785614,49
3658,516,0.36747077359138447,0.16041260561373455,60
3660,466,0.37852760730963264,0.17346884755583575,28
3662,503,0.23308219321389997,0.10706014554696884,29
3663,480,0.3232569135871374,0.12139914518180395,51
3666,434,0.4380790214578213,0.2109117222764889,35
3668,436,0.3254808973209438,0.14021504607902424,11
3669,321,0.4855330692167719,0.18231004779786927,70
3672,276,0.35224793816182526,0.17291804531618285,19
3677,307,0.2806488541201902,0.12480904135763406,37
3678,269,0.36679639688895854,0.16437627046299733,22
3682,215,0.20653522407969518,0.1358754826589709,22
3686,586,0.28705609538003096,0.11141095448820258,22
3687,474,0.46626799148769754,0.19754066450116847,37
3689,535,0.3442327285913959,0.16607903757347953,57
3694,868,0.3647724778023976,0.1632506780016606,58
3697,529,0.6246300973774391,0.1387706425169723,46
3699,485,0.1442133421967565,0.07825339790347047,49
3700,459,0.20222660096877498,0.11149034193505175,31
3702,412,0.3587750449247365,0.17790333131673988,30
3703,585,0.17782184417343694,0.08287917422998888,45
3704,415,0.44506399544160063,0.18272378077160562,26
3706,987,0.23663599361710266,0.1064607933497445,40
3710,652,0.4526898004234744,0.1594841573854102,19
3711,498,0.18174276547543933,0.09560763666350924,21
3713,512,0.3763801125068465,0.16190877625749892,72
3719,775,0.2502778126940219,0.11241631409299989,103
3722,448,0.23774678246724548,0.11468512892110005,31
3723,346,0.2711732588674482,0.1744027704753712,13
3724,287,0.3105618426377205,0.14441468111706834,2
3725,438,0.39746702575008763,0.17614412006601085,16
3728,293,0.3092279984067456,0.13050930581741935,39
3732,386,0.28572215076452856,0.14737627804817593,21
3736,282,0.21896175564414222,0.09616062083955473,27
3737,575,0.2688784499612626,0.11085454509505802,27
3739,303,0.4984701090195983,0.2034276282146828,63
3744,686,0.2096189174210243,0.09449141723669596,44
3749,982,0.3147279993812967,0.13389183830705026,39
3750,481,0.2732315549057028,0.11302407406972433,36
3752,744,0.28798233493232106,0.12383411739218739,29
3753,828,0.10152163016822029,0.055745373302710746,24
3758,302,0.36833482989191096,0.16288960850894948,19
3761,290,0.31600524745979774,0.15591966291063067,19
3763,516,0.33401055407753805,0.15977216046098922,35
3764,394,0.34551908865631087,0.19025834279469012,14
3768,409,0.44929126549676884,0.15260229749353468,34
3774,507,0.4016946261444566,0.14812559646394635,53
3775,614,0.3093986932098246,0.12355167656519647,51
3777,227,0.36654836471756047,0.15913892246409456,26
3782,453,0.34367488827936155,0.13168057157378857,24
3783,591,0.32508851523220433,0.13589524737665254,14
3785,875,0.40792274942728685,0.12707399765596172,55
3789,314,0.3686392131590215,0.17397028672155151,35
3791,581,0.4867345864857256,0.18188946690297245,15
3793,233,0.3697609283095358,0.14450313269744233,16
3794,577,0.36740441965568105,0.1586423593002874,0
3798,533,0.3001821459693929,0.11554226793590625,54
3800,707,0.2720472491795899,0.13423605635244867,125
3805,646,0.31981113334491085,0.15067040564803102,53
3813,329,0.3388091754305799,0.13034061122848628,29
3814,445,0.24894964962101315,0.13449962880178748,6
3818,632,0.3481988462402426,0.1578334788529039,15
3822,448,0.34885930074105503,0.15967207214643556,58
3823,460,0.274823150468208,0.1330051911484831,43
3824,890,0.34111714407992266,0.1654299236708241,71
3828,494,0.474712713540454,0.2011590659063437,10
3831,482,0.48481338118860556,0.18387791630768557,31
3832,720,0.1800964752930228,0.08422655640457202,20
3835,463,0.3854858868814303,0.1520487616327994,9
3836,522,0.4409641412615143,0.17890020747478677,75
3840,356,0.3283746050706779,0.15935086176672836,10
3842,880,0.22795493895106955,0.11454461210820835,31
3843,622,0.30465009287837047,0.15299194341711814,37
3844,817,0.281286030837532,0.12702510738215703,28
3845,417,0.2787620411802686,0.14380936321441198,28
3846,833,0.2514640679140213,0.12172040053873999,45
3848,261,0.31648164195591505,0.14908480451825348,22
3849,565,0.3396594550135714,0.14412294060790143,32
3850,683,0.3884686808030643,0.17493458126008074,33
3854,1014,0.2696870256169115,0.11734869128693615,41
3857,397,0.2586046575404595,0.15118919881479856,73
3863,686,0.4307579659901938,0.15837617067424226,21
3864,262,0.43541511138365785,0.16177507564682855,27
3870,815,0.29008710473566157,0.16083592702377833,58
3878,552,0.30591714158433825,0.12457046530099675,32
3879,498,0.4656984973089391,0.16452127378369366,61
3886,713,0.37112076331989097,0.1517972411797272,32
3887,534,0.43694253304416053,0.16477161198736245,38
3888,542,0.3870631838127041,0.13662342354123572,36
3889,563,0.36360893098206176,0.13922210595142062,16
3890,664,0.4725009377298681,0.17239092832382977,86
3891,300,0.4197263225238575,0.20797966062739695,15
3893,617,0.24643602084481422,0.11407213693959631,29
3895,569,0.38236794571155125,0.1730840905809021,45
3898,291,0.37371920138979636,0.13590276309178465,0
3902,393,0.33108153644021815,0.15012297528546137,35
3904,684,0.7223878765113423,0.1263599280380013,47
3906,283,0.47816844391224,0.1764741936530351,10
3912,322,0.30830441666901837,0.1700500452753246,16
3913,575,0.23893797075306025,0.11368231546368034,71
3919,403,0.3998489254588159,0.1552865948456872,29
3929,237,0.3201917752500885,0.18083203192993377,7
3930,708,0.29590510880442994,0.11913823272452563,15
3931,413,0.43399962398438935,0.18529575917359684,19
3934,344,0.42140487804826926,0.17910329209787973,19
3936,261,0.47052261992514877,0.22271598096299766,20
3937,177,0.23921753154217676,0.15877151958812902,7
3944,637,0.2292573665451628,0.11679252091984459,38
3949,272,0.4585288878307338,0.14178396240395041,18
3950,785,0.33291938173341923,0.13901723448073222,39
3955,613,0.3106323138736255,0.1351443290334326,80
3963,477,0.2681939127833562,0.11722522623463974,26
3967,511,0.31481033753577625,0.15213545359653255,36
3968,280,0.4135437192758707,0.20427375385061017,33
3972,410,0.22266859142681206,0.1381402673205925,13
3973,699,0.20914370086192582,0.10393699408582924,26
3974,533,0.3773311587510543,0.16674583619447328,46
3975,548,0.27753484599380845,0.11315885201336345,17
3981,219,0.5944976656011464,0.2257694392887112,25
3987,380,0.24179958865421858,0.09459340990431583,27
3991,798,0.33350190374635014,0.154518814351596,20
3993,509,0.3387022293413593,0.1786298050268563,36
3994,1064,0.2869237995581695,0.12281775208141966,46
3995,313,0.382295786143129,0.1957325228515853,0
3998,538,0.30376512453628357,0.1117312526311812,15
3999,663,0.3085381858148215,0.1799240966683782,26
4000,228,0.4638337126348244,0.23186821093154117,13
4005,700,0.28938929341026526,0.11026363072570818,67
4007,322,0.25374032102188243,0.10998925351124893,83
4009,259,0.3918644853610988,0.14652696773129706,25
4010,306,0.7268858254649999,0.16316830464374132,26
4011,340,0.30161209169467434,0.12812575775968188,23
4012,213,0.29895665885952794,0.2239385368379586,13
4013,548,0.3293708526614688,0.1459963163598299,59
4022,230,0.2823696939044595,0.1851422197473,11
4024,350,0.30730770823677006,0.14263324356102056,13
4026,622,0.36977291449012906,0.13870553973306565,48
4027,465,0.3106638319591228,0.17026856003832158,11
4028,393,0.47700841880973643,0.17489162027620517,33
4033,408,0.7784513351706484,0.1208152949862871,27
4034,730,0.20980309869322408,0.08025572176750588,90
4035,242,0.1530774190027565,0.11075507907052845,43
4036,489,0.35523163530036406,0.16725348769893839,21
4040,496,0.25254806613910474,0.11080835292723012,26
4042,406,0.3072892302819555,0.14284418158177584,18
4043,1008,0.30978141767989303,0.135698955831033,28
4045,389,0.2464496761845087,0.1541299203743455,25
4046,682,0.3454413756405527,0.16130709204150417,43
4050,572,0.3383870460260526,0.15863005040054876,10
4052,264,0.384993093388631,0.1712662556770002,25
4054,884,0.3590201937256619,0.1529019472994708,43
4060,631,0.40794635208702595,0.1545350961855503,18
4066,895,0.6459277934266775,0.176803155560871,87
4067,243,0.39791790760467943,0.16686852837085303,24
4070,421,0.33292685440372943,0.18687594366058422,24
4072,559,0.2830578968801055,0.13195706401468513,67
4074,482,0.3496383910243302,0.1474960529465998,23
4076,598,0.33402231102506863,0.13570435082366783,1
4091,914,0.2426449282303986,0.1096188206292856,45
4093,1025,0.31879186318216735,0.11885172759813864,97
4098,603,0.2327132942309844,0.11474446888749266,22
4106,433,0.36795591606279787,0.18204636860891926,41
4111,315,0.42192839631072665,0.1661354547835196,36
4112,804,0.2578868004323926,0.12043783073459838,18
4114,546,0.28800727940257953,0.15590436164391186,78
4115,350,0.34512687486228416,0.17715172711917623,17
4116,332,0.3759320854734953,0.17821723773737422,26
4133,446,0.387794260969506,0.12198161990872293,28
4135,433,0.5687262767678536,0.2001481304862251,31
4137,558,0.2848663366067966,0.12021414838239895,58
4140,984,0.309564824266275,0.129634352997184,93
4144,628,0.2988085515279479,0.14345897056037937,112
4150,1000,0.26711290213344,0.13245859407433538,41
4155,184,0.43847258283520446,0.2330980320355267,17
4162,514,0.15742945769665254,0.07604826107247052,100
4166,999,0.3829183297048152,0.14062546786967137,43
4167,633,0.3133683881089255,0.11963602535103762,35
4168,652,0.3324029634215331,0.15081308787271813,39
4172,334,0.3729541325437281,0.15983322160427363,14
4179,721,0.25379180181144884,0.11157991236630764,43
4186,321,0.41537467144383383,0.18221593179248427,8
4187,390,0.6360316491027411,0.2909263686758508,2
4189,439,0.3954277143275411,0.15412714608438158,21
4191,607,0.4280708942080502,0.1602864015172689,47
4195,227,0.2922936553435551,0.13072756352675474,13
4203,298,0.47369353592467633,0.1824484433351775,43
4206,1004,0.2320316800327075,0.12642759865648337,97
4207,564,0.3989031700074304,0.17596572284294743,15
4208,178,0.5757953087511535,0.21176222086323335,0
4211,452,0.36223584646582063,0.14286570322049816,38
4213,264,0.34576218953881316,0.19411493444145952,30
4214,641,0.35089583057318924,0.1442095482063935,28
4216,673,0.3355735245383031,0.1186982248870016,49
4219,242,0.3379243928876735,0.14655751374072457,2
4225,614,0.3142754223824917,0.10727282136841164,42
4233,625,0.3034556015707688,0.13478022115962898,54
4236,591,0.4236383201399663,0.1960732881979229,77
4238,446,0.34457230641110104,0.15438943115007123,20
4242,437,0.36442805432923253,0.18627547531727817,0
4247,274,0.48424657746687366,0.21262137199740636,6
4249,552,0.22467477324103985,0.1264470796971016,32
4251,745,0.3128492328206809,0.13970280699854765,46
4252,669,0.3566766736036075,0.15220143088949728,29
4254,417,0.5211132948992584,0.16516993762734888,19
4255,867,0.32845023139931867,0.14032881142339507,97
4256,1029,0.36672307247501224,0.15209922550393995,110
4258,679,0.39872609682897453,0.1575578415256164,116
4259,550,0.3203318174332962,0.15703683409089012,26
4264,695,0.2967677901978205,0.14896719163699335,60
4265,492,0.2999620764276365,0.14285427573428297,9
4269,445,0.15915126109742073,0.07699631282015643,58
4272,689,0.35785796472926645,0.16513198256316802,29
4278,510,0.4545707548769102,0.1800016731606111,89
4279,240,0.2771092593197096,0.1801161006961023,14
4280,341,0.37496478267520844,0.14121814345799946,49
4282,561,0.33606702534909116,0.16834888073312793,4
4283,858,0.2346408411329531,0.09396733949601638,141
4284,715,0.288520678252214,0.14257905278907743,45
4286,525,0.5143485051052351,0.1815038634129797,15
4289,945,0.2191141133176348,0.1135306548670673,58
4293,283,0.367487041703799,0.17796088551710118,24
4302,587,0.30824936167464445,0.14636744529861714,37
4304,834,0.18342297060594873,0.09597801308398232,54
4305,570,0.283701855521085,0.126169155806662,32
4307,378,0.41663981394781247,0.1876487761864143,46
4308,236,0.26892602091087614,0.1502021073299534,43
4309,332,0.6921009853215034,0.13651888084541502,10
4310,751,0.3740924381076357,0.13984707835310986,65
4311,278,0.4068383971856537,0.1417491754848779,15
4314,383,0.4568863487629806,0.1847606424631242,25
4320,604,0.39990637377119814,0.17725735408669438,33
4322,513,0.3522906310239231,0.1558579176750153,25
4325,420,0.30275115269981734,0.15750927952298768,54
4326,350,0.2657229465827978,0.13116364881970122,26
4327,283,0.41482870400448213,0.19010826139869008,12
4328,529,0.2861494498546073,0.13853472323517957,212
4333,387,0.3278611008532325,0.1604025026880009,86
4335,572,0.26160143466354213,0.12239183223333552,47
4341,998,0.18280329136748616,0.07443094046584954,68
4345,535,0.14395615949069654,0.0717196327212278,31
4347,939,0.2383879429322096,0.1078859055877951,102
4354,357,0.29309186008517435,0.10890934031623561,39
4356,555,0.2716186009205132,0.13513094481574464,16
4362,351,0.4826721938139685,0.18785182879653278,27
4368,522,0.4905596322137172,0.16934476223413916,47
4371,512,0.39518595530614914,0.16211844950252954,24
4375,704,0.25948276490972133,0.10093962457046245,48
4382,397,0.25651063391234025,0.1237424242327588,26
4383,584,0.23771992237084752,0.09522627316038872,17
4389,390,0.4993106033493405,0.24443123624135565,35
4392,415,0.30856232437391223,0.12685683874976802,31
4398,767,0.16648774785417075,0.06778580856193192,132
4401,309,0.30813000085599246,0.11606098138095516,34
4402,540,0.2815101678966699,0.1281806837022767,31
4405,761,0.30375199388452684,0.1330038137650286,66
4408,186,0.27116848104069163,0.14205783993252832,19
4417,687,0.3839979385094867,0.14729162303241175,20
4424,657,0.41037231920140815,0.1495725672339327,47
4425,293,0.5836341648934106,0.15690029715826564,25
4429,688,0.33698378259914397,0.13599211427035676,43
4430,510,0.36169797938472664,0.1375711132890357,56
4432,543,0.24404058001971238,0.13957652483038416,30
4433,262,0.2572239819412378,0.15587330199889982,9
4437,323,0.36686496996579426,0.1538721557878082,50
4439,445,0.331025139619101,0.18880425712816848,33
4443,507,0.28408127305764325,0.16309310995470336,26
4449,206,0.6507959844977199,0.19766846452909748,0
4451,393,0.4542225380740079,0.1916023568966376,24
4456,538,0.25570823007865195,0.11418154097150059,57
4458,247,0.416029310969528,0.19391422987371235,12
4461,879,0.2875138415072564,0.10744609176239993,87
4462,228,0.4282152447365226,0.16737551225709896,49
4463,489,0.3749969077946797,0.17142038767634935,14
4466,255,0.36066715184607917,0.14969168895058588,14
4470,398,0.8111297297150012,0.12153577920011806,55
4474,275,0.267155610472495,0.10389104460968503,27
4475,696,0.5243704577094888,0.1684050772803642,67
4476,629,0.3691613121641629,0.12819803479586778,17
4478,554,0.36658325745736736,0.15151749569355144,16
4480,310,0.19651495518531203,0.12818376842778906,17
4481,986,0.3438685328249968,0.14402635704688807,209
4483,440,0.27130849826108694,0.11281388681671316,23
4488,380,0.550479432384445,0.15378972399476673,0
4489,447,0.2553353808184468,0.1309576184287148,13
4496,715,0.32639102816065135,0.143555971579273,49
4498,429,0.28687587237925155,0.09490010849480182,36
4504,1055,0.277404802440886,0.1236691419440837,68
4509,746,0.36350227261159357,0.12612482933231467,53
4510,1049,0.295973970326253,0.12054887144458999,61
4515,561,0.41202404147085037,0.1563679235277788,22
4519,277,0.34775718561194874,0.17750237941243563,12
4520,527,0.2667658572304791,0.12410030149263045,54
4522,283,0.3206708530533792,0.12468713465172936,29
4525,601,0.4464472829442154,0.15849128811992713,24
4536,275,0.29032707895090426,0.14925441373100112,15
4538,295,0.2679667410693253,0.1393469579381207,18
4540,750,0.3789462921079994,0.13880859693497113,45
4547,396,0.281552185827188,0.1188370256110407,31
4549,581,0.42534007592191453,0.18401436010464492,20
4559,227,0.3611158566982126,0.16227304667070844,13
4564,227,0.34242730402921445,0.18902919955377281,13
4568,516,0.33317638478552714,0.14864848962473476,57
4572,238,0.33628130547852075,0.16206476717736715,25
4573,909,0.09053219890706943,0.04804245336249127,114
4574,798,0.3872751442824447,0.13319395368295298,5
4576,658,0.47610517436451,0.165629029540365,57
4578,824,0.08952885565449797,0.046872839717789945,90
4581,184,0.4273154161751024,0.1820010107345297,9
4591,480,0.6162662203074878,0.2335416785938289,3
4596,405,0.3244901558806379,0.1750808619108525,35
4599,547,0.3685344085540899,0.17319450103438383,107
4600,387,0.3521219584920529,0.15674271489098293,23
4602,347,0.4813972367058806,0.17622142086031087,26
4603,645,0.15332152606491412,0.07113060972211231,50
4604,843,0.33149359420715185,0.12918816409377307,70
4605,237,0.3407057786844048,0.20459582451563893,55
4609,823,0.23977556483595455,0.11060617323774201,28
4612,755,0.3255525076502475,0.15360706298840562,80
4617,568,0.27383296193504153,0.11665881785633882,40
4619,328,0.26321367731470857,0.1464714977179523,7
4621,600,0.3075837882952714,0.135970306978811,46
4626,496,0.30982256776912687,0.14385805596943418,43
4627,304,0.37511758952323765,0.15726366184430632,10
4632,591,0.28807029562836733,0.12478390064339671,49
4635,279,0.442882156398134,0.20039341841533895,62
4637,305,0.7207738383001181,0.16576329426357322,0
4644,973,0.435016747882329,0.19131679489609885,26
4646,276,0.34034348660092245,0.1512115609051466,20
4650,487,0.3543750573566833,0.16070319138493266,97
4652,700,0.3167435854860774,0.1460736419351881,110
4653,432,0.35109413724156646,0.13415841800560438,19
4655,223,0.25538035813743104,0.15045096163449692,15
4656,369,0.42477898704340133,0.17007141941744422,34
4657,356,0.35755296610795495,0.1881565372603731,25
4658,413,0.46846809351250246,0.19125757911555907,2
4665,636,0.23483358382078337,0.10403854144146148,51
4666,792,0.3758462108627557,0.14677832356553222,34
4670,1042,0.17493261873816218,0.06660727906402897,128
4673,203,0.5764821645679129,0.24038670949736907,4
4683,306,0.2848325205239957,0.16249025363332584,50
4684,792,0.1879006284585971,0.07976294780028265,75
4686,310,0.3358414648143407,0.15783622238975942,19
4700,483,0.2629860051663485,0.13897370546232168,50
4706,490,0.47832292526441245,0.16621814360211645,27
4711,421,0.29859615312383686,0.1315404263600179,16
4715,553,0.45117906761420085,0.19164058915431847,46
4718,302,0.3770737950970683,0.16969355874095596,31
4721,808,0.31350050248911876,0.1379707734221632,63
4724,347,0.4909893039588524,0.17950546168357823,15
4729,469,0.5185381391258478,0.18376397496374844,30
4731,779,0.17872012783005417,0.06868397830741392,59
4732,525,0.2455207859818802,0.10259356421366675,19
4743,655,0.4657437585178102,0.1543676667761518,30
4744,481,0.22866513971436966,0.09847549845072236,19
4745,473,0.39213708050357227,0.1561861838240156,22
4746,932,0.3698014091661694,0.15586802052516807,107
4750,581,0.37362353450656055,0.17601991723248867,22
4752,424,0.31037178362037227,0.15739451354043268,34
4759,795,0.5075501275417911,0.18411071136284077,82
4761,197,0.5392602546374258,0.23087355163178705,24
4764,590,0.23796610754129757,0.10338515431945096,2
4773,348,0.4459309371541674,0.15505603850396557,37
4775,452,0.27040170863765595,0.10609720635650088,30
4777,366,0.26309425554493504,0.12810532196561428,22
4778,364,0.393394914151925,0.13960579747567914,40
4779,487,0.2559536245739807,0.12601795539913718,42
4780,463,0.389998148523977,0.19680680960165203,15
4781,840,0.2528796695760058,0.13849452785035335,21
4783,534,0.2377434554832332,0.13358862251968692,14
4785,345,0.26342351954545146,0.10496819115224906,16
4790,253,0.3895922696697013,0.182963461046905,53
4792,428,0.37229073434236487,0.13567092524508576,48
4798,650,0.2799734333556656,0.15605808704764937,50
4800,862,0.3667056998298869,0.14639600244772802,85
4801,1651,0.20743299628973572,0.07782280995473552,52
4802,387,0.2314569126437624,0.1262430300983153,21
4806,579,0.307077502039853,0.13664177856603113,60
4808,372,0.3458772554954595,0.1454769991129728,21
4809,517,0.34568365001919016,0.15600722780025467,33
4813,423,0.3534714689193526,0.1491797528918921,45
4816,346,0.1800641733543684,0.11638305531815271,35
4817,1014,0.28709301185289365,0.1253757650967218,134
4818,253,0.17608105037864974,0.09854829563795646,23
4820,512,0.3395703191268628,0.13945956926589248,32
4823,454,0.29891272678170366,0.17567464837428035,28
4825,290,0.4096394395407162,0.1852769030211642,8
4826,376,0.2619080827883533,0.14169276063423955,25
4828,460,0.3678520520182806,0.14827515654706758,36
4835,705,0.3029381740033887,0.12718873400649744,54
4839,464,0.37169646220391184,0.15707497608492946,36
4841,230,0.5478665156227557,0.20047732770049678,16
4843,594,0.2774124804961193,0.14127312647213053,20
4844,185,0.45349708858778365,0.2146278877667067,0
4851,842,0.38473072864535224,0.1545571739760532,7
4853,694,0.20826091631960483,0.09905359103210198,66
4857,258,0.42043995825694536,0.20706939556538045,9
4858,395,0.5623097842783561,0.25308185467397826,0
4861,591,0.24225745119950218,0.10837106636451348,7
4864,498,0.36153973121955657,0.14223042972726316,1
4865,700,0.41407593481134974,0.15869439267355553,43
4869,398,0.3600679358310754,0.14213919019292456,15
4874,285,0.41164518673148187,0.18224590578786737,7
4880,486,0.4677405353930838,0.17920055300385504,12
4882,422,0.278397525039344,0.15295169032963152,30
4887,724,0.28301158860728737,0.14770128201486787,63
4893,536,0.18673861451523457,0.08024874762230529,32
4894,515,0.4259588616421808,0.17740994403049262,51
4897,387,0.2966489811436354,0.12851672126975697,29
4902,308,0.49081716407838377,0.187299616254272,62
4903,213,0.45354289023424504,0.163101612902494,8
4907,314,0.3286306897734527,0.12764932320556643,26
4911,793,0.28655436111830146,0.1640178362034428,81
4912,700,0.3226590214030238,0.14399936647107522,38
4914,443,0.4487180688250648,0.2460243660554185,9
4916,516,0.33303581783731934,0.15327931955998322,22
4925,280,0.6691322037632985,0.1649264524351756,36
4929,237,0.3359216900361812,0.1794866870802092,9
4932,631,0.3604872743407232,0.12777084584961101,52
4933,341,0.3052040413921897,0.16569142233323653,33
4934,1109,0.48371637839739473,0.1847694237160708,144
4939,369,0.36859591947055814,0.15952637028216632,43
4941,249,0.37752736044442525,0.19108395227365557,13
4942,538,0.2513886869029477,0.12548376646091952,45
4943,323,0.4218971816957846,0.1962040941883202,11
4946,342,0.31700860790393504,0.16536745311570564,67
4947,576,0.38583494844722527,0.14868178075256494,25
4951,649,0.17653838755311635,0.08508682809362884,40
4957,504,0.28033345009980737,0.12159460772873752,28
4958,579,0.21813217444603564,0.09343231522611152,39
4959,788,0.2891179106303129,0.15013833392342604,65
4960,485,0.2755522849160768,0.14337789040511054,0
4964,267,0.30392963383971305,0.1418517431755404,32
4966,714,0.2219451618340956,0.1066341027596184,102
4975,557,0.3188318983246349,0.14783984987170234,0
4977,390,0.4535902757397346,0.18352868631057262,48
4987,687,0.2658652952419943,0.1363771373771221,14
4989,334,0.22166461418416636,0.10514095493652166,21
4995,714,0.3709618829964594,0.17964800056139787,32
4997,742,0.193898865784802,0.09284287635196699,45
4999,814,0.4040089705437872,0.15170475702485672,43
5004,761,0.2705139686321668,0.1040154239166376,39
5005,368,0.3200572053297077,0.1552931131319541,13
5006,584,0.3953163759698107,0.14616652070787164,27
5010,654,0.31345373868374254,0.1566978761547509,26
5015,318,0.39306005429750984,0.16857146829295305,33
5018,614,0.2524487903301206,0.1338302387535035,122
5019,856,0.40645034258067864,0.16726642146459336,93
5021,271,0.7162538747537734,0.1545575693241809,30
5024,338,0.5716944266111973,0.12830221772821335,16
5027,425,0.4136336065156621,0.154658534105745,62
5033,374,0.3960253819265696,0.15446730035383122,31
5035,624,0.31431270298474906,0.15684839839290213,52
5036,678,0.36419132813451,0.12021741060977165,96
5040,486,0.41251283475722506,0.16701548660146048,25
5043,535,0.24050318433870405,0.11924134279736658,28
5044,514,0.3060117732010052,0.13617356066626318,28
5045,322,0.3012888345540365,0.14782244849124407,28
5046,382,0.4614464648901743,0.1758001847250929,69
5052,538,0.29005068299154846,0.10383059075060427,44
5059,616,0.1785750769860602,0.08139195024757083,49
5060,982,0.13795524859162536,0.07145574450366032,76
5068,357,0.47150536749814387,0.1704568650865284,28
5072,407,0.27376489339076454,0.12345210897328066,42
5080,315,0.4617732411554718,0.19096658670691632,63
5084,472,0.19730814959211257,0.09040724961970484,32
5089,536,0.2737226904016553,0.12006526646948608,40
5090,454,0.4957973950885289,0.21229162318401393,20
5091,579,0.2932224148404313,0.11497836416421071,18
5092,217,0.3453637475351922,0.18846109836676367,18
5099,719,0.2943017361689407,0.13044850167413047,47
5100,626,0.2595624428056435,0.1236440982102869,51
5106,818,0.43175639081667533,0.16926647057502764,22
5108,604,0.32522013622152646,0.14186650038334506,43
5109,681,0.4479138400190665,0.16545179459970683,32
5110,362,0.2362580461079181,0.12585172150924773,53
5117,199,0.44486170765371585,0.17442990604574032,19
5118,360,0.4548321419704091,0.15144813626776565,3
5119,842,0.49393770619106214,0.18263860735275925,36
5126,489,0.3407479017082955,0.1198533150496137,26
5131,454,0.41233141619008945,0.17898332992311644,44
5135,780,0.27913566143624435,0.13811345511911452,37
5137,755,0.35573060430421927,0.11854731357276535,47
5139,578,0.30010609994981347,0.1432399226834875,76
5140,557,0.45018429880128896,0.16108531164057718,39
5142,428,0.3445081945224683,0.15592400408086907,20
5149,226,0.33809499601969123,0.17999679732305607,33
5151,282,0.3600294775486847,0.17110500694250588,11
5152,723,0.2776812835857124,0.08196573626486596,57
5153,693,0.4456457234689587,0.1716669745807335,39
5157,214,0.4619824478534807,0.19440285044108424,19
5162,609,0.45189470537632825,0.14491376053823474,14
5166,682,0.2607993207634634,0.1294653929052823,40
5173,888,0.20415215463305886,0.09140134698709995,67
5175,542,0.25165766818823054,0.14161557457899113,16
5178,438,0.14708516101358382,0.08239896609921601,26
5179,237,0.22316863673277346,0.1240794099406032,53
5182,364,0.31991352846265486,0.17479787739421895,6
5184,281,0.3888386788659124,0.1805921721233078,27
5187,292,0.3826551290453588,0.19053263802214707,49
5193,313,0.36582673635359,0.1725596961694892,38
5198,525,0.5205729974468264,0.18407592416439497,17
5201,729,0.5229534663770068,0.19278184437288504,46
5203,556,0.15930942766163195,0.07391149933203435,41
5214,318,0.5312351548225325,0.19775494555821718,23
5217,325,0.49118985845378965,0.20262806046253126,23
5221,283,0.1923495283707182,0.09600589908680202,59
5222,611,0.4255673831791411,0.13721561387468115,48
5226,213,0.28386464649258925,0.15358852286146038,15
5229,354,0.4103831121212177,0.18607816715916117,27
5230,246,0.27535426385583567,0.19113676083632752,52
5232,504,0.3794502767399354,0.14908510108040943,18
5235,628,0.4821758645245718,0.18935921453409046,15
5237,224,0.3828766965534792,0.18737954815272267,11
5242,361,0.41535247254950014,0.19162715348160117,0
5245,866,0.2633039233059896,0.10472857717035877,59
5246,367,0.7885698680152378,0.08531695726833892,24
5247,538,0.25605765241300477,0.12493039992695218,39
5251,522,0.3010654760595311,0.11185580697531824,27
5254,388,0.2505616718674643,0.15195492125691226,61
5255,447,0.24291833105025215,0.11459894857032621,38
5259,439,0.38630230495399587,0.14877221350671274,36
5264,626,0.2785460231346323,0.13082680848384465,34
5269,211,0.3821884627587711,0.14952340601646164,22
5270,232,0.39862227902527475,0.18844932785033164,36
5271,393,0.32482935415063824,0.15272174353214824,6
5278,466,0.4770128689777166,0.17525877073803184,14
5284,655,0.28352450382909317,0.12483367010434977,44
5288,201,0.2044991770751391,0.17725555612257424,26
5295,439,0.38423570879518404,0.1622354146154523,26
5296,259,0.4159336473080271,0.1586571667621434,12
5297,315,0.3568296866629749,0.162484424031306,50
5299,254,0.3782509518395696,0.17514479124474017,86
5303,535,0.26997121491962206,0.1495644785236539,0
5304,833,0.10212387267419312,0.06004555557757095,129
5305,548,0.4094338657874643,0.1582340291144428,37
5308,487,0.49808758587707264,0.20841201775090867,0
5309,352,0.25560886467466276,0.13958803509222087,25
5310,368,0.2484556855814901,0.12223636711268822,21
5314,579,0.365509902730924,0.14896925685050166,5
5317,694,0.37628191762904173,0.15259938393964403,23
5319,944,0.31991219191677644,0.13433571287386314,54
5321,630,0.3486146451419514,0.17676640913793265,37
5324,211,0.30314672059693193,0.17428528581969016,4
5332,358,0.3258477994223663,0.14109453251371992,17
5339,456,0.4170081521387787,0.1546550478870715,70
5342,317,0.2357622013161336,0.11469475168555333,26
5346,879,0.3424359006604994,0.1574113077701023,64
5347,804,0.15034213791573878,0.07382432122127955,53
5349,727,0.3094286640467403,0.1431228584258021,50
5353,335,0.3089812465810905,0.17962196014408632,24
5360,1043,0.27866795667921956,0.11203775571215371,70
5362,590,0.42669334798538133,0.1860370802025621,31
5367,274,0.4873679996544335,0.18720769459527592,34
5371,411,0.3819276604705804,0.15742263376528992,49
5372,624,0.37553660290097235,0.1716189401196991,77
5379,397,0.2295824737538537,0.14403116025857624,24
5383,296,0.2956185909992725,0.12470271713599135,12
5387,568,0.3134389158665086,0.16333717785691404,24
5394,237,0.2669609167194959,0.174873727753976,11
5395,519,0.2872214931168167,0.13245528331532347,84
5396,1239,0.2575378648219873,0.08699134099747335,88
5402,312,0.48904800934357645,0.19698661524029476,52
5403,645,0.32664794868173697,0.18047385634692462,16
5420,394,0.32437287451751623,0.12768559132768986,32
5423,557,0.2542816696534465,0.13692216838930804,36
5425,579,0.3910195796793164,0.13836339957534438,19
5427,298,0.44309986715220584,0.18946255838341017,49
5428,690,0.28997107873824496,0.09931388983672257,24
5439,504,0.41272686133884673,0.17373526773521172,34
5442,608,0.3032956782396121,0.13717293752417303,63
5443,567,0.2605579421206755,0.11395130957034007,83
5446,357,0.3630979746236226,0.16279502280780808,29
5451,498,0.37921307171858304,0.14584628921548506,40
5453,190,0.2584406491904892,0.13518770829506524,18
5454,373,0.35322448052459854,0.15473717790889197,48
5456,416,0.1031065735442883,0.060159714894971385,49
5458,1005,0.21537563346048078,0.07395655202461376,84
5463,414,0.4383841462124235,0.20755750493137035,18
5467,502,0.3760962353572426,0.17032271414987485,41
5474,256,0.5449167951280927,0.2093363621568954,39
5480,542,0.22782579279267648,0.11941017874725485,20
5486,429,0.19741936659502204,0.11775061748773048,25
5492,591,0.4085059753504612,0.18305171855996477,31
5497,862,0.2012569277409131,0.09538947698880479,41
5500,304,0.47041351506605583,0.17150370148187785,18
5505,403,0.30111066817201954,0.16296017249910472,45
5507,613,0.49796557501781885,0.18256823808193348,32
5508,476,0.38970365916507904,0.14654015804353884,14
5509,397,0.3038428363533594,0.1519181584242204,22
5513,478,0.39899016592984715,0.1574668604042509,27
5515,731,0.30753117747767755,0.11815754264381212,42
5516,786,0.2603556426693224,0.09794813966924427,62
5519,472,0.27151798227194024,0.1263541994467457,11
5520,305,0.24151436301548265,0.10243105957037782,17
5524,581,0.47462812172511804,0.1702908868147832,34
5526,248,0.22293687115845162,0.10876905956866711,23
5531,590,0.3215566344124926,0.12852116969900354,29
5533,198,0.47728678093248894,0.21973488516527206,12
5537,324,0.3578191976074483,0.1747732359929811,23
5538,286,0.3511888712176924,0.17273894416860514,20
5544,400,0.11952570353891083,0.087213490902275,82
5546,264,0.3268657639992621,0.19439667434039262,7
5552,516,0.28294574770784836,0.10756383525317646,31
5556,234,0.2839639981690375,0.123189323496783,38
5561,203,0.5301569243686324,0.2174082759185035,12
5564,591,0.2606597843218024,0.14171942975026372,95
5566,511,0.30371648273720186,0.1258959373630434,15
5568,435,0.2639656191024125,0.1489688553336688,113
5574,785,0.36893992705546064,0.15357962541701764,51
5578,542,0.2562241470918315,0.13347365176972756,38
5582,633,0.5820010502386058,0.1467153579438836,33
5583,334,0.3599643191961452,0.15186859373980424,63
5585,404,0.4062933190496189,0.22746830974571186,5
5593,557,0.4129163803614847,0.14642126633765065,41
5595,872,0.3277783643256827,0.12068478628239404,63
5597,221,0.4255074402182872,0.1990843980773633,17
5598,227,0.4066828038552532,0.15770101635326547,10
5600,440,0.4366101229921083,0.15837946496273456,40
5601,382,0.3435740161144203,0.14359618052264955,38
5602,430,0.3598471791519197,0.11584101278211212,24
5607,896,0.32449392487580475,0.12783278026501824,99
5612,519,0.30266184564892695,0.13430300273296156,30
5613,500,0.32387885275882844,0.16511879882138958,11
5614,309,0.400201290546836,0.18243853519601702,14
5618,813,0.2896720738481015,0.12633259129621738,26
5620,416,0.23800549286737088,0.11933069161664912,13
5621,825,0.3520559657456277,0.1229096620335839,28
5626,665,0.11245415606143058,0.07415482828216372,37
5627,463,0.2729249017300712,0.13789641028637364,14
5630,887,0.3851377392722102,0.14601286787562423,55
5633,428,0.702871783947996,0.11823035446598851,13
5634,390,0.3238770671115022,0.1565441904986642,51
5637,813,0.28702429176042343,0.11603394854420902,52
5638,537,0.26511804739287104,0.13959418782967656,35
5641,785,0.2760448126929465,0.15368466105662199,69
5642,371,0.4508317492852155,0.170607829675626,29
5646,481,0.4555600905319477,0.1910368647139468,133
5650,355,0.29508454492051633,0.1495994086721717,35
5654,369,0.2179119794441903,0.09421952674079873,41
5655,285,0.24368270574600498,0.14997105156289453,24
5658,326,0.35511523285254654,0.1400939716247211,65
5665,655,0.27865097644845305,0.12848402753911584,37
5669,563,0.31519103117284797,0.14802799288828766,31
5670,648,0.37988973898625794,0.16352859939687744,29
5671,681,0.43695088384923825,0.1992835785036477,58
5673,416,0.3328535560621157,0.16871400545213167,58
5675,350,0.41917644802008186,0.1880462724570925,19
5677,443,0.2387437413278561,0.10767231494433323,22
5678,1631,0.3218887683441944,0.09783912966281766,78
5682,567,0.28757716103031755,0.13735907954939108,24
5684,689,0.3283032996295816,0.1439409791936166,34
5687,1168,0.3470048960878971,0.1604853648725692,169
5690,576,0.425687959484139,0.1696192237517491,46
5693,993,0.16096413911081217,0.07996845741837642,41
5694,626,0.36964742849144777,0.16285819896421583,55
5696,240,0.8450230443142598,0.10841051368606276,14
5698,1146,0.3547997111888432,0.12250852212824992,108
5703,346,0.32425639940844875,0.15214980229077804,23
5715,797,0.5306754779308581,0.16908948915559704,36
5719,194,0.5009390060235431,0.182321593497766,10
5724,733,0.2833879285170765,0.1295942661784767,31
5725,303,0.2893509308429166,0.14249659464709052,64
5729,696,0.38046440412884835,0.1273257744639295,34
5733,654,0.38359497848574364,0.15615790562053758,42
5734,540,0.3356982467703186,0.19263757685904617,20
5746,705,0.3136178249117418,0.11981887635434725,58
5749,748,0.30590146058122575,0.11653157522266058,69
5750,694,0.24109695436720513,0.12901380608542004,72
5751,514,0.550073623202395,0.19596253411437423,13
5753,400,0.3815396825476641,0.1714062175800165,27
5755,317,0.3075429398830078,0.152786248168388,31
5759,409,0.2936742927778487,0.1418393076800639,30
5760,888,0.6582403210523549,0.12799224376309745,11
5769,519,0.3226850246772485,0.16433672210064051,29
5771,541,0.4008335923446467,0.13286626896692288,67
5777,573,0.4253712403122483,0.1534323486974722,27
5782,169,0.4152592023862668,0.23490650437416657,9
5783,574,0.5049184442341403,0.2898485460757587,0
5788,698,0.316804651195303,0.13811380731646897,40
5795,461,0.43689986195111163,0.18468690575743604,27
5806,639,0.2809371588595776,0.12552817530788138,136
5809,793,0.3073993285503574,0.1339203267450295,30
5816,553,0.2092183425730725,0.0980567634229877,19
5819,609,0.29966764439554333,0.14125974910154163,89
5826,812,0.2871474787531404,0.12911238118228674,82
5834,319,0.2964076719535677,0.15493532202881077,20
5837,865,0.26520084621394907,0.11806076574063207,116
5839,460,0.3495041235545521,0.1445656516976206,41
5840,1002,0.2692852201984591,0.1040999492096121,39
5842,502,0.5814391711262777,0.15409116035606527,36
5843,453,0.37757867051381666,0.17871657476661199,19
5844,790,0.2516007429708225,0.12405273583478779,79
5849,492,0.27733591560259546,0.1436068807990576,26
5859,740,0.362135819399013,0.17374067181869918,42
5860,580,0.33959096053493776,0.13321738589964496,39
5864,218,0.7391734469346427,0.11589600276054099,24
5865,516,0.3102064585656756,0.15022571306694285,30
5866,567,0.6721870082241411,0.16814496072751145,19
5869,516,0.19369844367491426,0.11597395862371516,6
5870,684,0.35741603276150713,0.13195861127171019,22
5871,421,0.3146832235938566,0.1447283835318584,78
5872,911,0.3564358905874383,0.12615830393357003,51
5873,305,0.4266624156158271,0.2088861486656791,10
5875,737,0.290067355426061,0.12800630394987952,53
5884,788,0.2746233524115478,0.12205495339502377,120
5894,267,0.4834663020970446,0.19214522583004157,40
5895,694,0.32125882803743366,0.13221143832841667,54
5902,200,0.33789359987538087,0.160688442253379,33
5904,476,0.33801652342672006,0.1500362912288625,31
5907,488,0.23292460712018417,0.1102279985216095,33
5911,347,0.3731852317904853,0.16633206017332117,41
5914,556,0.3684538310666044,0.1511116888108395,31
5917,328,0.5139182771809135,0.17876359962567684,13
5918,585,0.4604185461697771,0.1627133005351497,25
5936,784,0.29527259585479826,0.14076284744316006,28
5937,706,0.5990020042396033,0.13074384296726177,16
5943,437,0.3987927789720214,0.17693071664501933,51
5944,595,0.1813623133741451,0.08586076645370438,94
5946,584,0.23715486135352257,0.11746718692954812,59
5950,832,0.34433801910445616,0.13609513545699506,59
5954,195,0.39637548780614634,0.2031864073224186,27
5956,534,0.22620937788932227,0.129385207682967,27
5964,631,0.44577617217437343,0.17308999647765433,11
5967,694,0.22215961075534077,0.08430117242147374,24
5973,498,0.4621942753981461,0.2026695401567724,43
5975,572,0.31708187705460034,0.16902933577613155,30
5976,567,0.4042519470639815,0.1800525839206395,39
5977,426,0.37551791481921226,0.1729341940056373,46
5981,506,0.4407195189987588,0.1528874604654162,19
5982,221,0.38968207125735066,0.1776227924892907,18
5983,764,0.2643481498818107,0.1375670195901662,127
5989,537,0.21089983506164542,0.12086272246008663,20
5993,960,0.370726463819654,0.16038141093030647,18
5994,199,0.2797332435439709,0.15748010962428144,27
5997,568,0.3267077949121801,0.13927995409901844,41
6000,793,0.3035244819496688,0.1260061605548805,17
6003,284,0.2961605191490696,0.14221349253939644,25
6007,305,0.217244845303117,0.09262800141524206,23
6009,1000,0.4628708652609638,0.16483383992049064,93
6010,658,0.35534135173607007,0.15232179289415892,45
6016,218,0.3486165122494895,0.20363801624890154,18
6017,582,0.3393446655496203,0.15759884863816884,20
6020,709,0.37421095176096775,0.14228485409579333,33
6028,329,0.23913526737069316,0.13054281538455312,36
6029,180,0.40748006074514365,0.1771286091808265,9
6031,303,0.3436109459496797,0.17023025350740978,30
6032,376,0.336321233334562,0.17743512968907543,29
6037,572,0.34899405273286055,0.1504917667035984,50
6039,776,0.23012183874477765,0.10516914316997175,16
6042,260,0.3325376415395791,0.15937307479853882,16
6043,488,0.3463310118359941,0.1513876626716779,25
6045,567,0.673552123927975,0.136160954482939,8
6047,417,0.35583721755625514,0.1338862728471946,29
6049,416,0.42658698873935574,0.13882881671000882,1
6053,335,0.19981229895026206,0.11368514752380598,5
6056,306,0.3475560949948627,0.1822785890414713,14
6058,693,0.20962651414881683,0.10401079605154086,95
6059,589,0.2942295080827188,0.12753283461436948,16
6061,793,0.2780805109837626,0.12461778337722602,58
6063,500,0.34301985735822316,0.14608072004735667,39
6065,270,0.32580612254624863,0.14581647794520727,16
6066,468,0.2161709978145578,0.12366506194425879,28
6067,219,0.3198284405318181,0.2088347483719227,34
6072,332,0.3765260524511115,0.2036174560251682,0
6074,749,0.2476196705616705,0.11880243618196837,43
6076,469,0.23771640399059665,0.09993820353917587,33
6077,411,0.2545149093224823,0.16263093525049893,24
6082,688,0.6846547703727404,0.10694661576059905,38
6083,463,0.37256906950876917,0.1734323207094891,52
6085,498,0.31707764864666566,0.14935104354166687,46
6086,457,0.3649587804678164,0.14480053355214573,49
6089,314,0.4429715390944069,0.18431033745497552,15
6101,477,0.3734742710866099,0.14461141937357963,13
6102,346,0.3356106766372626,0.16101713078954466,56
6103,423,0.328976144693389,0.12776541117209278,17
6104,406,0.5536854294167352,0.17502779481026118,12
6114,698,0.36019239543434206,0.15768963685620457,33
6119,641,0.5213399200378284,0.1627597720654389,14
6121,885,0.3629253675838591,0.13306396048519228,64
6126,631,0.6817493079056642,0.1288569007314914,11
6127,443,0.572983095546868,0.18095923338356923,22
6129,567,0.17712299286015548,0.0828301459072915,24
6133,350,0.4492003618136156,0.17938889518628812,25
6134,668,0.287694350037069,0.13686511377199229,56
6140,333,0.3604706999025158,0.15451870005140894,22
6141,411,0.4108702139249924,0.19308190593248567,69
6143,532,0.39708103087739044,0.1653640021301578,42
6144,181,0.3891659906311571,0.17269166435327726,24
6147,598,0.44066914626787357,0.15574395145735315,18
6152,411,0.3590158815847484,0.15091925698466577,29
6156,251,0.285261517970708,0.18629247526670906,16
6159,827,0.37384901928868547,0.1310499536685696,42
6163,372,0.3731334895594012,0.1985437733270388,45
6166,869,0.31476799708033143,0.12024085660195105,72
6167,570,0.3144193434954101,0.10508785405357401,35
6169,571,0.3653920669371326,0.1428831665702174,38
6171,572,0.20851216264180236,0.09758158052363894,37
6176,600,0.33496176696431734,0.13727283364484483,40
6178,386,0.23078206656201328,0.10916919652676693,26
6179,1036,0.3580717277461998,0.14691258479328675,71
6182,641,0.3674494755225845,0.16236659061973965,21
6184,489,0.23211749686942923,0.13328704476303024,28
6185,454,0.2321391441890103,0.11370489543054042,21
6186,480,0.32757247481561175,0.124797043645667,9
6191,218,0.2335706352782981,0.13911908299297293,21
6194,384,0.3402031957509847,0.15067411944690765,30
6196,486,0.11000330521428146,0.06886064882357942,19
6198,313,0.2849846387083378,0.12142452690120958,36
6210,244,0.33737083253642924,0.1810753161489897,22
6214,502,0.2943153565682876,0.1569012141607683,52
6217,668,0.3022304717943709,0.1558965698558566,71
6218,310,0.25988624665760124,0.1356013509574689,39
6219,480,0.41956252289624185,0.16591719951002706,29
6220,1097,0.3061648103306914,0.11762165746871636,91
6224,323,0.3984399972789337,0.18143957839828403,26
6227,490,0.3128557851710467,0.14067788720819344,61
6228,249,0.2919661170905704,0.14771779846896407,26
6230,276,0.5033670109413777,0.2218281851133011,23
6233,273,0.30065591041623246,0.14323192623241404,41
6240,455,0.4292934010606664,0.18940691806256502,12
6241,743,0.7680933557334626,0.1352496733395115,40
6247,371,0.18128762981514365,0.10681504251618736,2
6248,462,0.41290723704021726,0.16483246977982088,44
6254,394,0.39917334869260573,0.14675246836024833,9
6255,509,0.30670808511295805,0.13709358393833676,28
6257,998,0.29146067613838683,0.11794839692804308,28
6259,389,0.21034062260863073,0.1596765991250335,0
6262,183,0.41932294756843475,0.16639241671454408,9
6264,568,0.34881877175768405,0.16825462555851103,26
6266,376,0.35710159782657097,0.15926044578783802,18
6269,400,0.3432409269985807,0.17911010338676464,23
6270,569,0.3219941225941186,0.1234755405564267,54
6273,439,0.32820870255816725,0.13781901971979904,50
6275,638,0.5707050171468752,0.16612693573993614,53
6277,374,0.3143123626460159,0.15619643871760336,43
6279,442,0.4371951349170157,0.18278193058265485,26
6280,587,0.42266874657960335,0.16938176680318992,16
6282,422,0.2921306977374214,0.1679549724952209,46
6284,534,0.38371353312370665,0.1822013812906224,19
6286,432,0.35837164557969653,0.1286068664640609,44
6289,426,0.2736395115244385,0.14631448583407186,28
6290,686,0.19360831198360998,0.10665856824409768,44
6292,506,0.3066316073480518,0.17228897895938888,31
6293,246,0.1977863274888681,0.1194747985089392,33
6296,670,0.21628887554496032,0.12229655716962015,46
6297,852,0.3563905246977712,0.1434920039519904,109
6305,452,0.41994736658372617,0.14159294237164705,16
6312,509,0.3099598336901304,0.1658866849581633,52
6314,358,0.47822282544470285,0.20502715028774393,40
6316,304,0.4127376823931929,0.19071438234443572,16
6317,493,0.45500026615866246,0.1932817635155237,20
6330,297,0.39279621681191734,0.19887379825848142,34
6332,738,0.3119419632033619,0.1258491674927,80
6339,210,0.6370593811290075,0.22501577575410975,38
6343,624,0.3270312733335941,0.12034172366477416,58
6345,385,0.5717235747949506,0.1608967200764132,20
6346,566,0.34725033968006963,0.16571028957470188,51
6351,1008,0.3156955879224714,0.12017883412152744,74
6355,430,0.3195753545042557,0.148237960004197,10
6357,623,0.37464547109999735,0.1336313488374495,42
6359,242,0.3528160677460824,0.16426294345022993,27
6360,690,0.41979048284408554,0.15284145091545007,34
6361,505,0.29625777099133344,0.14588566023089067,61
6362,444,0.2297502281221539,0.12587863758473816,39
6363,856,0.2633086974906435,0.11809243123214004,34
6368,604,0.19008510876820903,0.09461932546432163,34
6372,422,0.3360734141596823,0.14241136272919783,9
6375,320,0.22339689211514097,0.12726469544106228,23
6378,814,0.3550415086215266,0.13238460631910356,47
6381,242,0.39917890591905086,0.1974155395045974,38
6383,754,0.19957474067614944,0.10199250810286072,25
6385,668,0.33917390903968664,0.14228445084489377,33
6386,628,0.4477956770242287,0.1706407137032903,53
6387,380,0.39548454600066624,0.1918453677974462,24
6388,321,0.3857979246570232,0.1800412803958274,22
